hgnc_symbol	D10_E1_L1	D10_E1_L2	D10_E1_L3	D10_E1	D10_E1_S1	D10_E1_S2	D10_E1_S3	D10_E1_S4	D10_E1_S6	D10_E1_S7	D10_E1_S8	D10_E2_L10	D10_E2_L11	D10_E2_L1	D10_E2_L2	D10_E2_L3	D10_E2_L4	D10_E2_L5	D10_E2_L6	D10_E2_L7	D10_E2_L8	D10_E2_L9	D10_E2_S1	D10_E2_S2	D10_E2_S3	D10_E2_S4	D10_E2_S5	D10_E2_S6	D10_E2_S7	D10_E2_S8	D10_E3_S1	D10_E3_S2	D10_E3_S3	D10_E3_S4	D10_E3_S5	D10_E3_S6	D10_E3_S7	D10_E3_S8	D10_E4_L1	D10_E4_L2	D10_E4_L3	D10_E4_L4	D10_E4_L5	D10_E4_L6	D10_E4_S1	D10_E4_S2	D10_E4_S3	D10_E4_S4	D12_E3_S10	D12_E3_S11	D12_E3_S12	D12_E3_S13	D12_E3_S14	D12_E3_S15	D12_E3_S16	D12_E3_S17	D12_E3_S18	D12_E3_S19	D12_E3_S1	D12_E3_S20	D12_E3_S21	D12_E3_S22	D12_E3_S23	D12_E3_S24	D12_E3_S2	D12_E3_S3	D12_E3_S4	D12_E3_S5	D12_E3_S6	D12_E3_S7	D12_E3_S8	D12_E3_S9	D12_E4_EVT10	D12_E4_EVT11	D12_E4_EVT12	D12_E4_EVT13	D12_E4_EVT1	D12_E4_EVT2	D12_E4_EVT3	D12_E4_EVT4	D12_E4_EVT5	D12_E4_EVT6	D12_E4_EVT7	D12_E4_EVT8	D12_E4_L1	D12_E4_L2	D12_E4_L3	D12_E4_L4	D12_E4_L5	D12_E4_L6	D12_E4_S1	D12_E4_S2	D12_E4_S3	D12_E4_S4	D12_E6_L1	D12_E6_L2	D12_E6_L3	D12_E6_L4	D12_E6_L5	D12_E6_L6	D12_E6_S1	D12_E6_S2	D12_E6_S3	D12_E6_S4	D12_EVT2	D12_EVT3	D12_EVT4	D12_EVT5	D8_E1_S1	D8_E1_S2	D8_E1_S3	D8_E1_S4	D8_E1_S5	D8_E1_S6	D8_E1_S7	D8_E1_S8	D8_E2_S1	D8_E2_S2	D8_E2_S3	D8_E2_S4	D8_E2_S5	D8_E2_S6	D8_E2_S7	D8_E2_S8	D8_E3_L1	D8_E3_L2	D8_E3_L3	D8_E3_L4	D8_E3_S1	D8_E3_S2	D8_E3_S3	D8_E3_S4	D8_E3_S5	D8_E3_S6	D8_E3_S7	D8_E3_S8	D8_E4_S1	D8_E4_S2	D8_E4_S3
ARHGAP24	37.79855707387736	52.99389285404919	70.09171807215176	25.65770888705798	65.85095845163984	75.78518738169392	23.40240833175242	25.168710978895938	95.16033106728922	32.28639162447952	31.410081230412434	51.167590287874454	78.58097120152507	39.85560601613	38.16433018531276	33.08180001293934	141.05593817082212	69.53891797026036	72.6508300810752	32.681773350580706	108.50372132260172	28.0105583525666	6.4910415533307475	50.77781761640345	68.33739040630249	1551.2478046540966	21.528945526691658	83.25187003233414	33.08643186198033	3.8307752959199592	22.96423132945741	0.9004268732245165	0	53.275863682358256	17.489414829897246	53.47769236680848	31.992230754939236	0	1.3321353354658783	113.79558920706054	29.276848792736473	45.66035162116568	71.14373202951187	35.21366577308988	133.3935756070362	14.293478315345608	93.65585244197167	56.271577635152624	85.03973757273566	50.834803272272005	83.90277315792382	0	0.6800809270161651	21.503246080947093	34.907340378228	5.051147031859882	0.5368125463761337	13.009496542080294	30.429344242585174	156.50073248213855	89.79364968079098	86.02157515168878	60.7388342962098	41.016189085086744	150.8671665399878	36.94828757561379	29.210391302182835	46.796354513019246	35.6380749471277	48.27233283348046	79.574078531374	0	244.352905460013	16.56783063077259	158.4730611528577	143.97565616391145	62.92760342258463	27.70739366617458	109.76066967567367	294.2721515506551	111.63865202018717	53.219192886489125	7.299785918591091	206.83859936595232	79.15145459881677	24.523489573844547	53.497366858753175	58.7711348343425	37.672042828660814	36.93471968872964	93.766807384283	35.423591081493235	140.6841154598045	31.10058196603473	0	10.223683258722065	0	5.611811832953028	33.60046101871248	40.4482295737534	467.0763420398173	4.168375791851416	155.83352968549895	110.66870888645961	61.303629242221575	152.41685222954987	64.90215922859113	80.64604998860479	7.408672515059804	34.41577660353422	18.58794290083507	200.94768311280185	67.94489183210283	24.03267309058255	71.41869060916291	393.85771449990403	66.49385731388948	125.09941606561203	0	44.33834732477632	113.44636026380181	13.956547535447674	174.45106779216945	68.74548315097292	35.212284318172806	36.13785168102196	41.992351764693254	61.838874374405755	60.951388721762136	14.638577366201465	9.550615317902478	46.91996894728852	3.521347597179702	97.88351457704725	0	12.12790590628002	0	203.98635781021727	30.202411000402947
ARID3A	227.4785889355165	458.6495250582591	411.78884367389156	283.70095255118395	457.4163350511757	614.4304439333034	338.95746261151083	532.737715719964	573.9203386648945	248.24647782377588	394.39726056232155	192.16272797001741	870.8317464300155	119.56681804838999	135.69539621444534	134.4615097300115	523.5589777151234	884.1376713361673	911.0414092166831	306.17661349491397	540.4117382378124	445.22045381447964	1016.9298433551504	602.079837451641	217.92034496232017	730.5570700817458	787.7061245648359	130.19175419950128	265.46090679960963	1046.440118335469	95.48285658037555	467.3215472035241	93.61033417351082	40.74036634533279	98.20979096788453	745.7167102260516	192.8420576061615	3546.0443672650886	1362.7744481815935	1106.5640053927957	346.9306581939272	348.89191751557365	2938.0438524620035	302.837525648573	703.258777281213	658.9293503374325	987.2887778257847	350.1342608409497	348.9013532189809	477.28231961188715	493.00534592794656	115.56714500414161	335.95997794598554	465.4412296875967	337.66138865862854	228.74480129994035	345.170467319854	237.59448947904536	326.2701910454966	389.3244822831526	481.8195836530248	368.05952646870116	416.83513732693	245.32324415042447	298.2052765527244	237.89511474123265	262.05893911101174	291.7890340223553	232.95131916659082	183.03259532694676	189.46209174136666	676.4389837370239	371.57797193919333	178.34782384890494	197.44184668224895	135.28747001608923	650.0213979915336	79.58506691348016	295.4052591271217	56.05183839060097	203.21723375549695	210.1475821671622	100.98037187384342	552.6861359576054	222.50353348334048	379.46873340580504	200.6151257203244	238.68277208232973	173.08776434790104	313.47159530691056	344.7960554996863	343.4823206651933	302.0570714284038	142.05400952053702	1187.7711137196843	1461.9867059972553	1108.7591807786644	218.8606614851681	263.763618996893	415.41424967638625	298.8128150937962	83.36751583702832	406.6875043011802	445.0463078791197	215.97740148413448	253.4758520774036	308.77693936026685	400.4493516675548	768.2223500231242	259.7571710314368	306.70105786377866	722.2029513377389	163.37311069741577	474.1581447601422	324.72383068338814	839.4047039156919	589.9561382955726	771.7171770281261	551.1657799274807	303.0998497447824	318.8233917758568	351.2397796420998	549.6593167737402	409.3481042171569	181.09174792203157	424.619757252008	442.53478398176736	350.0080289591366	380.6219699965359	281.18267357578645	235.09206936375332	280.49981435879005	314.2802730482884	924.4554154498907	392.4457843658217	2947.081135226045	156.72268979006284	553.5488828682547	442.9686946725766
ATP6V1C2	3042.440221201002	2254.763965004426	2407.212442540462	1364.9901127914845	1127.2551167205445	1839.2168593600343	1103.687773581356	1799.5628349910594	1778.9558263770957	1391.9022166997838	1335.0465353046727	3214.461727640469	4556.408117045807	2497.617977010813	3275.0649273840613	2448.053200957511	2458.9481113562233	1844.4370147350007	2397.4773926754815	2531.977388002884	2565.1122468013127	3692.9709827989122	2602.9076628856296	1648.724649544855	2820.0563107667494	10989.981898415874	4364.043899116438	4414.120428097376	4751.365505761129	3256.1590015319653	1964.0461005456996	1011.1793786311321	930.9740083557379	4244.832785750251	1541.759184235557	1429.0427793574934	2115.041922132094	3986.6243263769984	4610.520396047405	5940.914553775506	1784.423933917288	7404.001632109019	6187.581882999168	2857.236840828513	3384.861981028544	2635.71740134973	2806.3307213862226	1897.255290390146	1776.2973221968616	2120.940958748682	1825.0384234351313	1271.2385950455578	1166.3387898327233	1833.3251416755859	1395.6223201218463	1592.5544999021085	1130.5272226681377	1501.5697850937938	2646.507689542616	1809.3951681555625	1851.7202635392384	1851.5791503961864	1244.550624304691	1964.1337339235877	2556.8014539934775	1787.7785462025058	1586.5415390128449	1566.9896945021296	1151.7182757303462	747.5507098518154	817.2131557110948	1096.5351399266463	3071.5766049973536	6397.131780023016	5217.920382385487	5406.534122844813	2356.673323782071	1955.4345700149165	3279.2693903102504	2046.9700212259854	3177.3406977307955	4391.265710480052	659.413994646062	3264.197815095069	3341.9503052833747	4629.776689546336	3249.9650366692554	5796.7529521301485	4710.023516902295	7565.93527162208	2999.061193661083	3814.99424665153	3366.0743507809107	5011.396477878354	1027.5259892116733	1962.9471856746366	593.5781472855476	1071.8560600940284	1661.5427973753322	2446.571291515138	4587.59868868922	1743.0758102925338	3601.6549446336294	2978.5692506012842	3725.3743924119267	2540.556987978421	3916.7469728405827	3524.788564157123	1397.3896159174337	1063.6113816997004	1437.7058912915127	1597.76071347209	2015.4439824354095	1647.212404262631	1318.419856856921	1242.7266518508986	1815.1408283770254	1698.5901233324334	1302.351399344773	1404.2899513355385	1300.7211995763485	1649.9740641907028	1710.589636962106	1629.8929096157942	1805.8871528891482	1782.8006829304165	1861.6609282347342	1746.3298123332186	966.1443531428254	706.3113579192207	686.174977455455	1414.739063693243	1182.292455753085	1086.5070118052245	1173.6900874435075	1906.7763174873587	1358.7215649927964	1976.0616776417082	1736.9035659529975
BZW2	1943.5330800895488	717.3101925601659	727.2015749985745	931.0082939018181	766.845032291677	1373.0972122382177	1007.813391060951	780.230040345774	1271.1053548780912	1922.8339900801136	924.5899850907118	1082.478798979033	859.237832646184	1122.5995694543283	821.2398458395078	947.633497144843	1269.5034435373989	1312.9609988194395	701.8070185831864	1147.3022539388069	1224.0905259889632	1023.1224998253274	1132.6867510562154	1516.0805545469032	1914.9655400521654	2648.6647021361996	1638.732677149353	1706.66333566285	1302.6820730775046	1028.5631669545091	3317.727105229505	1915.2079593485469	648.8606724903627	325.9229307626623	1072.2356630329311	2734.2946041621894	1475.1973070333092	5349.389867921529	1503.9807937409764	1732.4397460316286	1227.4318856354766	2808.6970138250376	1690.1443365929983	1012.745027634065	1378.073336234455	1283.5543527180355	1356.3374344721256	1747.8924608647408	2398.597457892675	3510.4255815241168	3214.02739804952	3582.5814951283896	2079.687474815433	3138.7802747188903	2631.4764285125725	4180.184965080613	2557.3749709359013	2597.106336005819	2039.6113238155008	4094.4600503085608	4092.1813275258037	3540.9864787850906	2252.6961778682517	2578.602679839793	2775.6029586830505	3037.538168058355	1639.120243356774	3147.054841000544	3408.2168748216513	3062.6113386574825	3529.0472288358565	2466.2475617470905	1315.668743034698	484.36540138199865	2188.7467872341413	1891.5422413258714	3366.2810270455166	1762.0723333658684	1346.9395760199952	1976.9052232377342	1552.4750046557276	3288.6732014471486	1601.0863781443127	1766.083425355439	1358.7666372796878	756.3560468564687	1139.9054322980483	1002.7075249287822	1220.777820312549	959.355667812388	1369.586044864921	1549.782109815329	808.933663893876	1092.7231501579772	3259.9485252965587	1814.7037784231666	145.59463990022866	1144.8096139224178	999.6137153066963	971.8507051639668	2901.0952921727785	255.6603819002202	1466.3555061625732	2426.0161969467467	3802.7112785328827	3363.9393310010983	3016.967038080569	3433.714145635509	1064.5692506255164	1159.4839022381173	1006.6086001682993	2344.1378221767823	2590.3035728800546	1703.7216626107574	1177.1238862272821	2724.9712114106114	1423.2514991015491	1302.1711945011434	1010.7669222218477	1465.346036176214	1017.1052989168438	1066.9005227097778	1400.4544053315824	1158.6738705627615	2017.160858798185	2140.163882887189	2553.99636886801	2541.5777367880764	1073.1334929203865	738.0282755459905	1720.5800826559696	1855.3787720677785	1316.1036644459136	1337.7413658863125	1493.9200118609717	892.0748566619304	491.24772940043096	1960.7851662638504	1534.4944255643322
CCR7	1463.1477820051803	715.4175535296641	472.38897492377276	405.39180041551606	499.19274955275364	329.2173731419822	311.02555589296765	2919.5704735519284	1688.2330237015456	1066.88587434669	1427.1512847773108	361.5843047009795	179.06155732806533	31.884484812903995	38.16433018531276	154.73745167342594	306.2565864789921	215.2395080031868	239.74773926754816	302.7364268264318	228.59521870878228	138.57855184954002	5196.078763441264	823.8441837763418	3537.5989100329257	3205.2796126746725	35.45943969102155	160.3041327218349	1537.3649037264347	1071.9786203082685	2338.72566434211	108.05122478694199	166.70333482953984	23.50405750692276	587.9134062050074	167.3653705553821	223.94561528457464	46.37683780125367	2523.0643253723733	663.1536060687322	1141.7971029167225	10980.729175766997	1265.2047479842922	728.2186081874987	3025.8763290272555	258.71195750775547	2233.2461004913007	5793.193653080713	3.1790556101957255	22.593245898787558	87.57734716484019	462.26858001656643	104.73246276048943	142.89253847339035	10.06942510910423	22.36936542680805	12.346688566651077	28.073124117120635	645.7783055926409	0	0	299.66532327432566	34.5377685213742	51.850654126430406	2124.492029405208	875.7392370991971	497.411234745742	117.6790679665631	73.01459257460309	29.499758953793616	27.787773455400444	128.55401500884616	251.42096470885636	38.00855262353712	0	63.29964193413349	0.6915121255229081	825.916138857672	15.583304953953668	42.038878792950726	0	1.3645946893971572	18.249464796477728	535.9380712316173	444.1276063600274	99.38466827294894	174.89523780746228	158.32224077822877	18.32693975448364	84.28692441787021	1105.2670130257611	2367.0549611954943	144.82188356156345	363.9608646295416	3416.523914128814	25.55920814680516	100.79628916169676	61.729930162483306	60.48082983368246	225.19825114035677	12106.270654237003	143.80896481887385	9373.576851472622	98.81134722005322	0	11.5969344087701	15.733856782688758	4.171347413203696	4001.253056018068	2128.042186651866	1602.1376938758228	3224.9836812351546	3007.134032883742	5475.552274421916	830.8203073022763	9798.393677364526	1358.1724047092318	1753.8288265302363	74.67407340952964	426.66573573186395	1836.0054626601489	1190.958723024868	3034.8947666701224	2235.478120282092	55.33358964284298	39.14933932110712	24.764720271485764	39.57687959961969	560.2340410170477	1072.2757920742572	734.6627167617291	2867.2181024093047	602.1504391177291	1919.6044803165378	904.5218821814477	676.4676405502855	388.5989501227289	15103.976661119523	2845.914903213408
CLIP1	204.79945469119008	192.41830143434527	224.87759548148688	293.96403610600714	344.12436352147273	470.1941195616924	280.828899981029	608.2438486566518	426.49578431712524	157.84458127523322	307.7243296483263	377.5031105683182	579.6956891915784	523.4369590118406	956.9352420539532	320.1464517381226	673.5103354102316	690.4221141332993	588.4717236567092	448.9443602369244	708.9612082535044	437.84925424801474	346.18888284430653	232.1271662464158	125.2852157448879	795.390056820602	1558.9489378445546	487.9976637001714	445.51265228108394	363.9236531123961	512.4649517731549	375.4780061346234	1010.4786757359799	698.85397653917	848.9092890511663	566.467408033601	144.85371147375264	42.809388739618775	587.4716829404523	641.5716839777378	143.45655908440872	595.9261275685469	651.8304096757979	218.32472779315728	452.16498790326244	365.91304487284754	401.93970006346177	251.4853222706821	203.45955905252643	50.12876433793489	308.6642165809752	231.13429000828322	204.02427810484954	175.49423414450368	165.1385717893094	119.06275146526865	61.73344283325538	195.14244813120442	255.26838781279784	94.05462740305865	33.58136492127142	102.238757352417	93.4901665147543	221.33264298744922	1013.7214874529004	245.67370159925662	150.22486955408314	132.13088333087785	111.26033154225233	81.79478619006412	68.83789333269655	202.01345215675826	564.4350171576334	100.38156205703393	306.5544461645444	421.99761289422327	6.223609129706173	298.2966211720071	186.99965944744403	8.62335975240015	501.50175712193453	44.34932740540761	363.7726649431227	1167.3401114013666	757.2155823286804	666.006348426515	493.82184792695233	405.40088926546457	371.62961168814047	518.9801638313807	541.9278474020765	847.6359294500166	774.7970770543645	869.1351825102679	303.364815862494	408.9473303488826	100.79628916169676	690.2528554532224	425.0458318867129	346.54293986161696	684.6584889527757	392.522053732675	573.923487378301	965.1892396454799	132.03858606016954	170.64060630047433	600.836655888927	75.08425343766653	135.6356968141718	166.3429202504154	280.24898527412876	493.303898769397	229.02772527675108	68.20082904084236	149.00302357307368	290.4791646681362	264.5606663339858	717.2908077008793	501.3830643211276	274.025523630175	531.3723196264281	305.4933182759102	695.0352066005481	434.9714206643377	201.21305324670175	290.10664266153736	194.8875812669097	243.64516503515867	128.38696773307345	187.2518021426604	146.93254335234582	164.2198913155098	166.38367396674093	317.57762507219775	272.0860177852258	388.09298900096064	251.1229064472352	514.0096769490938	261.22436181050267
COBLL1	375.9238312620167	304.0840042339489	226.33783960799005	241.18246353834502	345.540513165594	953.426550930988	271.76990320744744	666.9708409407423	697.6780749233899	97.57665024287144	224.35772307437452	396.83308912151523	529.4553961283083	650.9748982634566	490.48231756679724	382.041432407493	805.6708540567677	680.4879829946906	531.8040761934705	376.7004401987986	870.13663895601	924.3484256346978	1499.4305988194026	536.7940719448366	594.5352965348317	1280.8468111822815	181.09642413628865	203.70138412166867	1418.0998586425521	115.56172142691877	821.8777528437389	470.02282782319764	448.81667069491493	770.9330862270666	219.29035517486545	111.90702291572886	26.660192295782696	57.07918498615837	809.938283963254	1065.3621541281702	199.082571790608	768.0305298329406	1315.197640761787	276.07513966102465	665.9870429204235	989.1086994219161	357.8991504032489	305.67276740082906	65.17064000901237	7.060389343371112	169.64283331930582	346.70143501242484	73.44874011774583	193.52921472852384	115.46274125106184	233.0743558986774	215.26183109682964	73.26400684224166	174.96872939486477	64.75892378571251	98.9190205833104	354.6627237811431	141.72394669115621	280.9222007148394	357.3169733841816	75.84122186573357	30.879556519450425	200.26087004836177	108.65266752173079	163.58957238012823	86.52102189522411	48.97295809860807	489.7155336698608	367.41600869419216	454.63583117623114	276.7807872806229	30.426533523007954	720.981754334713	174.8040294834803	280.25919195300486	538.1331898160585	48.443111473599075	53.531763403001335	1145.567627257582	540.8682730919146	472.3998517909002	517.4841448067855	614.0983884731297	517.226966404316	673.3483512483789	699.1902881331969	1343.5662045909219	651.6984760270356	427.00258483096337	658.1059311855718	490.73679641865914	190.39299063876055	477.0040058010074	409.9256244282923	532.3861568221056	3545.138447035135	89.62007952480545	1359.1724442813274	594.4490648758402	193.3422153023911	66.26819662154342	500.5333188992861	129.31176980931457	39.32295411839434	5.735962767255703	51.47430341769712	670.8328669329626	606.1600462324678	501.4384763764791	2.055214118249292	623.1833708168537	250.4130371182646	120.2254128422765	12.445678901588275	13.08344675157334	202.76906920714003	5.4275462637852065	671.4981577714459	309.97963311711425	155.94011626619385	410.5661482649439	220.72902850672094	258.48649488501604	60.302969692807224	62.82389452994795	118.28069739863838	351.8997671046639	49.29886636051583	506.8190865878224	54.70898480936176	24.25581181256004	12.831097409712749	1727.1444040142624	27.553076702121988
CSF3R	28.177106182344946	38.48366028686905	49.6483003011075	119.49161567401288	53.81368647660891	222.46619521723053	26.42207392294628	117.45398456818104	20.215407117921544	231.0270689573868	34.95257159474466	77.31991421278806	203.53759753837642	21.256323208602662	18.37541823737281	17.074477426033205	76.24645306530924	256.63172108072274	136.58356055242137	46.44252002450942	71.6335247566691	84.0316750576998	30.29152724887682	529.540097999636	135.91547647475718	1290.3345653391873	835.8296498597937	106.27898302000104	60.786700397591765	157.06178713271834	287.6572134953086	224.20629143290464	3.8470000345278423	1.566937167128184	95.51911176328495	68.33260691314418	156.4064614685918	3.567449061634898	235.78795437746044	461.0683355803315	114.91163151149065	100.6869292159038	922.9457128152891	80.28715796264493	353.10064131274294	190.10326159409658	123.75951929831972	36.81967425509987	123.18840489508436	38.126102454204	79.61577014985473	0	116.9739194467804	36.06996116804029	26.180505283671	39.68758382175621	51.53400445210884	103.39126199232233	16.90519124588065	9.251274826530357	42.70673582379084	62.04834928974273	116.7138384515404	68.1023516884459	118.22339366291442	149.73779701696117	39.225382605788376	97.72179913012842	64.32237917286463	52.96547630340217	25.261612232182223	55.859780331224826	1338.8923662808977	116.94939268780652	85.73132816466072	245.7515510384006	0	125.5675500190465	48.782519855854964	214.50607384095372	375.90827359922395	25.245001753847408	394.18843960391894	885.135220768468	102.8968909784618	139.3966775776427	283.9475625579976	293.85567417171245	135.41572151924024	403.44078429227767	355.132553951497	544.0051487515033	760.3148886982082	247.96409945892557	210.39817874334264	0	123.19546453096271	5.611811832953028	58.80080678274684	54.65976969426135	357.80175270130934	48.63105090493318	122.38633307007478	171.5364987740124	10.374460333299035	29.820688479694542	143.57144314203492	6.952245688672827	218.2708902513773	198.30042709655433	118.67686621302391	580.1797768068865	374.0786179520268	151.34088730015498	89.91561767340653	246.07006931786978	639.4728405505966	1093.4013897682714	490.7153395483377	243.49748120983716	310.3475142848831	222.52939681519345	866.0249436825554	537.464686453061	60.363915974010524	95.3637752693635	31.225082081438572	90.28475658663241	278.820182450614	221.40848266379714	160.89113497081868	246.83983663573525	87.15335303019762	301.2637059760232	179.44547017470657	463.55551464003634	36.66027831346499	256.1062201582023	176.44566426551197
EPS8L1	270.0878714551601	217.0226088308681	346.8079800445009	309.35866143824194	402.1864989304455	578.5750864623944	330.6533822357277	713.1134777353849	581.8092780279859	241.0717241294471	264.97827925205075	217.17799433297824	445.7215743561914	98.31049483978732	182.34068866316093	78.96945809540358	437.146330907773	758.3053435804582	456.24721290915227	220.17194678285946	334.9920716561878	496.8188507797339	632.8765514497479	419.69420682945713	450.26747234374864	539.2206945841457	1257.5437004708715	282.52496319483606	1014.1376091648854	455.86226021447516	316.66466359567585	894.123885111945	373.1590033492007	236.6075122363558	468.17818160032624	280.26272110753337	39.990288443674046	7.134898123269796	663.4033970620073	674.9255635729108	228.35942058334447	763.3474168461544	1634.383033110408	201.42216822207413	663.0445375761506	608.9021762337229	1038.0190312318528	361.9443450359817	264.6563795487941	105.90584015056668	246.80888746454963	0	46.245503037099226	52.71763555328965	116.80533126560908	62.05694924856426	55.82850482311791	115.71604819008262	63.394467172052444	106.38966050509912	49.642017709705584	287.67871034335263	79.1986760921167	224.42820442783312	485.24527249703675	135.47705444391724	180.2698434648998	153.4645155353425	150.3752918500754	78.44254085440575	37.260878042468775	127.78881253855542	296.8584884514208	57.50011807150487	0	279.2631261800007	2.0745363765687244	568.8858486778397	59.62307982382273	534.6483046488092	798.0419265505567	1.3645946893971572	908.8233468645909	2405.859497888182	684.2203519764382	480.14411165632475	241.76694638090376	629.6907303679553	245.37736004614206	764.2645843283289	989.3505661018836	2516.9726591653853	1094.4396629152438	1586.1296802677714	107.64557982217531	92.01314932849859	11.199587684632974	44.89449466362422	171.36235119543366	413.2278588886158	1689.4044918086145	666.2453973975846	1784.1038740091026	1268.7376983054833	8.488194818153756	20.70881144423232	416.9472047412521	15.9901650839475	27.35509851714389	49.165395147906025	30.741597874458	283.29090664398757	31.30045578782265	64.95317051508798	27.231587066803122	606.4389578159336	4.244288764716349	15.434343540562523	4.444885321995812	11.62973044584297	22.819670168006112	10.079728775601097	79.61060633372811	36.24761838869481	65.39424230517807	79.30250785557597	78.60106868775917	77.91698171175125	33.71778950565565	218.3587790458385	116.81137196511493	132.59991224233713	21.128085583078214	128.33616355657307	10.941796961872353	20.2131765104667	269.4530456039677	1706.4761827383375	68.35282489564878
ERRFI1	92.77827645406262	117.97449956794284	170.8485628008699	100.43160335791266	75.0559311384282	19.557467711404882	326.8788002467354	12.584355489447969	35.500227133911004	162.86690886126337	57.388343902182115	170.55863429291486	345.2409882296511	53.14080802150666	59.36673584381984	32.01464517381226	242.71787559123445	259.9430981269256	361.8011338037545	178.8897067610733	279.1600597134899	104.67103384380151	3.2455207766653738	227.9820382777298	78.20834679832396	2033.5419742968077	1903.4120662716211	2410.761598170357	216.9854368622896	232.40036795247752	1070.8583662052245	262.0242201083343	630.9080056625661	340.0253652668159	649.7990279107977	8.912948727801414	305.7035383249749	214.04694369809386	255.76998440944863	298.22292343919315	30.008770012554884	29.269456167413896	130.75064264883264	164.09568250259886	203.03286875482718	48.59782627217506	312.18617480657224	4.86297584501319	99.34548781861642	7.766428277708223	139.0213832616694	115.56714500414161	136.016185403233	61.04147274591433	94.65259602557977	25.97732759242225	67.10156829701673	115.0313378457626	221.45800532103655	22.357247497448366	2.5551038527054346	54.292305628524886	62.5252705990395	20.121149362495384	352.90565272511765	165.29497073300908	267.0664347628145	173.4217843717772	84.3144699968631	63.02221231037727	63.154030580455554	143.09286194437044	893.6046336037666	3782.3382751781423	2062.747714022443	5266.281975029969	2.0745363765687244	402.05196766661834	1242.5991863283054	6478.299013990612	1484.4452010809262	42.98473271601045	40.148822552251005	15.91066148968864	180.28942436397153	131.6524177122181	243.82453741393272	431.78792939516933	190.39654078269115	477.31022366973696	284.2537074247949	149.917697969891	1090.301894813485	1245.7043911800938	29.35788540604781	138.01972399274788	55.99793842316487	28.05905916476514	544.3274685031422	205.52073405042267	58.02190584345556	143.80896481887385	101.10175340571395	39.52453888802129	586.6285752101818	1425.594579820953	135.70451475069055	77.86515171313566	369.29382998144257	349.0743055501328	555.493524382648	67.23437517683972	7.634257509225036	0.6495317051508797	370.4523448144349	610.0790475987422	96.20387866690392	1164.8867703771925	1807.2903719234973	199.15913388506084	294.0477498791645	91.4929227323792	440.28126633261815	594.3359497870476	90.54587396101579	56.21443594825638	31.225082081438572	60.60209688691764	775.5091586300799	612.9904272096863	650.1765043341303	230.51984743667836	673.4577279606181	63.08048717187489	738.2065683609881	226.38757691722705	106.7730605879668	0.8986183163445695	83.71896382567834
ESRRG	172.49886955533125	145.73320534863527	100.02672266546656	198.66397452550606	208.88207250788983	1021.8776879209051	126.07103843234367	302.0245317467512	375.2176784570316	137.03779556167973	149.9654254233977	113.70575619527656	135.26232747803496	168.72206546828363	212.02405658507087	101.37970971707216	143.5974866063324	153.97903264843364	63.932730471346176	115.246253394153	168.549470015692	337.6009401440922	667.4954397341785	425.91189878248616	450.26747234374864	1012.0271100699509	549.621315210834	68.19568077116733	350.8700681177449	57.461629438799385	459.2846265891482	390.7852629794402	66.68133393181593	23.50405750692276	1348.0302815043876	85.16817673232462	4.443365382630449	1665.9987117834974	222.46660102280165	392.3985834726226	175.66109275641884	624.0248054892643	653.7532132441631	123.24783020581458	205.97537409910004	371.6304361989858	342.8473169750749	679.4271966318429	55.6334731784252	54.36499794395756	105.33778819826932	115.56714500414161	38.08453191290525	47.16841075820653	27.52309529821823	0.7215924331228403	2.684062731880669	36.97435859328083	136.93204909163327	124.1212705892823	0	98.71328296095434	2.3819150704396	0	527.5939508240509	151.68244373146715	45.06746086622495	172.73360268776221	49.54561638990924	75.09029551874738	47.365522935341666	4.591214821744506	37.35974174388629	1.9491565447967754	0	199.8282813999116	2.0745363765687244	143.84263945843824	4.065209987987913	1.0779199690500187	94.19511264203291	0	0	341.66052041015604	131.91909099802794	52.919109080401384	75.10207270555733	93.55405136895337	110.97980184659536	71.02830709371085	203.77668376426857	528.8236097165775	159.3040719177198	76.4906205110584	550.4603513633964	97.12499095785962	425.584332016053	179.5779786544969	99.12136000520182	145.39498738673518	1490.1959484127503	7.642022285060929	1286.9569061343889	274.30029988286776	0	0.8283524577692929	77.68591786452575	0	38.18315834684668	147.49618544371808	10.008892331218885	395.096384466148	474.85081707379726	583.2794712254899	21.065944712055245	838.6766859591302	548.9280135699812	504.4593336152277	3.55590825759665	102.48699955399117	3.9119434573724763	120.18138155524386	292.1363119376806	139.9908020528903	45.27293698050789	78.29867864221424	23.687993303160297	50.70787698701272	40.85039882415973	179.93251345955966	11.019940751425937	263.1598258347921	86.2730161309027	209.90575903744576	6.565078177123412	8.08527060418668	21.079660030242373	1187.9734142075208	40.79974819352679
FAM13A	81.78233257802557	55.51741156138487	64.9808636293907	34.454637648335	48.8571627221844	33.41067400698334	49.06956585690023	134.23312522077833	43.389166497002336	13.632032019224686	39.91205810480978	42.07112979225233	56.68135627650989	49.15524741989366	98.94455973969974	45.88765808246424	77.5172272830644	110.93113104779627	66.83876367458919	46.44252002450942	83.22130082024792	33.90751800573852	11.900242847773036	122.2812750762369	135.91547647475718	695.7686381730913	86.11578210676663	22.14145479583355	16.158489979106673	56.1847043401594	22.96423132945741	0.9004268732245165	0	134.75659637302383	2.690679204599576	0	1.7773461530521797	0	5.328541341863513	56.89779460353027	31.472612452191708	8.19544772687589	138.44185692229337	57.04613855240561	52.96509619691144	54.31521759831331	18.95416061325617	10.420662525028265	19.074333661174354	103.78772334755534	134.7343802536003	0	37.40445098588908	106.82257730535007	26.851800290944617	14.431848662456805	17.17800148403628	55.46153788992125	71.00180323269873	35.46322016836637	10.585430246922515	1.410189756585062	73.8393671836276	38.694518004798816	66.16980988595957	25.928622860079855	47.57120869212633	107.35634270633827	36.50729628730154	99.22646193548762	34.73471681925056	113.24996560303116	78.75837448711164	1.9491565447967754	2.5979190352927493	40.95859183973344	26.968972895393414	89.60689015443693	21.681119935935538	0	15.69918544033882	4.0937840681914714	14.599571837182182	39.3579521060719	59.80332125243933	58.08194899068445	100.82196061841944	89.95581862399362	35.635716189273744	42.616984256226516	44.29927907918882	193.56462269530232	38.274354941270346	94.14230216745649	274.00693045644624	92.01314932849859	0	5.611811832953028	80.64110644490995	171.63167683998063	508.6587078942938	74.33603495468358	282.7808441122225	115.41165355302216	0	16.567049155385856	2.9500981467541423	9.037919395274674	10.828059829702791	50.80424165283623	23.592389066444515	0	13.741663516605065	4.546721936056158	13.872695298182721	2.91207182624698	0	0	16.890564223584086	0	0	3.1014550078772607	27.690645681296736	43.1221667037921	65.39424230517807	45.17231460127745	34.45526298641498	37.103324624643456	44.74091299788923	141.5062478732808	10.285278034664207	0	8.803368992949254	39.1534058308189	5.835625046331921	293.764831952116	0	8.087564847101126	1.0597337193123841
FAR2	158.0666932180326	132.48473213512298	161.35697597859937	137.81855059334	184.80752855782794	80.67455430954514	413.6941859935589	264.27146527840733	94.1742136469028	62.42035714066041	89.74308922974981	100.06106545184338	130.10947690744317	69.08305042795865	89.05010376572976	146.20021296040932	128.34819599327056	137.42214741741927	53.761614259995646	68.80373336964358	145.37391788853435	114.99071323685236	18.391284401103785	156.47858081789636	760.8229465235011	653.0737444670152	5.065634241574507	418.0306665453374	350.8700681177449	59.377017086759366	10.87779378763772	18.00853746449033	1.2823333448426142	9.401623002769105	9.417377216098517	67.3422792767218	7.998057688734809	76.7001548251503	229.12727770013106	209.93324215785307	121.49892248985635	437.8710642645119	101.90858912335484	81.69570459356852	102.0068519347924	17.15217397841473	219.64527298890977	398.0693084560797	87.42402928038246	69.897854499374	106.56264620057478	0	137.37634725726537	57.57320724898738	198.03202714571654	25.97732759242225	4.831312917385204	100.65242061504227	110.72900266051828	116.411874900507	24.09097918265124	143.83935517167632	38.1106411270336	55.72010592691029	309.67471026629073	95.28768901079346	105.991991296492	158.96996900746242	75.62225659512463	91.85152219703922	90.31026373005145	57.390185271806324	48.4666919920687	40.93228744073228	29.876068905866617	38.47625294035565	29.735021397485045	557.6849874085351	32.521679903903305	19.402559442900337	47.96973328992417	30.703380511436034	76.64775214520645	4939.004287693873	140.71369706456315	61.95407892339674	74.07327718904286	187.10810273790673	96.72551537088587	61.55786614788274	124.77630273971518	134.73615893496535	112.75418077293155	105.06953366903626	124.77101297570319	327.1578642791061	145.59463990022866	106.62442482610753	215.04295051975987	180.37723999106245	394.5489597354979	70.16765916283217	47.130140685370414	103.55429188661577	26.40771721203391	13.253639324308686	1295.0930864250683	15.294940515080219	10.25816194392896	27.040967331348316	31.456518755259353	9.820751430324902	27.48332703321013	15.588760923621113	46.242317660609075	301.3994340165624	14.147629215721164	8.935672576115145	5.333862386394975	62.50980114640596	6.51990576228746	72.88419268511564	5.538129136259347	6.249589377361174	75.45489496751316	348.32873703651717	58.14325628957527	84.10086914919182	17.50731378178274	74.41276827819078	11.754603468187666	17.33998852399793	25.52977007955284	27.189865160290903	18.965781400578745	4.04263530209334	15.580618283222623	956.1298885906219	5.298668596561921
GATA2	453.5826848865284	671.2559761512897	728.6618191250776	573.2665242765526	1089.7271511513304	1091.1437193987974	690.7485039855956	1484.9539477548603	964.4228371379156	593.3521305209903	1222.159175694619	499.1682696972641	757.4690338769958	519.4513984102276	1094.0441319789657	598.6738647502893	801.8585314035022	1405.67955611312	595.7368066648166	763.7214404030437	797.4496800117428	1577.4367072234875	2004.6499997203125	1297.425054198717	747.9147727800884	9641.139515775767	1348.7251168192126	257.7265338235025	1572.759691299716	1818.9798030126606	2736.369459467978	4526.445891699645	973.2910087355441	2375.476745366327	2357.0349832292286	651.6355847659256	284.37538448834874	5627.650894729051	2909.383572657478	2736.9801197215425	630.1841702636525	4557.839714389692	5454.993723452032	543.6989995365078	1055.3785834791984	1467.9402229859938	1212.5088039362404	1606.1714505243565	1024.4506703855725	938.3257437340208	802.8944205112273	462.26858001656643	201.30395439678486	694.3467524847755	472.59168512062524	1195.6786616845463	421.397848905265	790.1557373452978	387.12887953066695	758.6045357754894	1210.0241816740736	762.9126583125186	740.1801081391058	1207.2689617497228	891.9690372627349	713.037128652196	746.116852118613	415.6617371450533	260.76640205215386	306.3952236791746	252.61612232182222	1031.4929299519324	1693.3050514729	112.07650132581458	472.82126442328035	304.08651517377854	313.94650498740026	700.3485888386255	195.80761442141784	143.36335588365247	1026.5522924043773	117.35514328815552	1358.9768118443749	2199.02089852223	1275.2178796476035	801.5308960714453	332.30095183417836	1446.4895634738173	516.2088030846226	1818.3246615989979	1807.4105864309038	2471.4280420606083	1774.0680736291524	2765.4301261690343	851.3786767753865	1206.3946245292036	324.7880428543562	303.0378389794635	643.448828508344	1340.2575529032883	4154.368458391418	964.9789958136028	2910.666269101344	3703.4492938075946	124.49352399958843	157.38696697616564	472.01570348066275	250.97606936108903	3085.4271535795215	1126.7069721395133	282.3937479165328	1476.8899266373219	187.0393089760134	2241.533914475686	1620.0225287100045	8004.557432396386	860.1758563158468	4373.605559073086	5084.9488083632095	340.89647369377207	2657.513588708369	1214.2196355839476	3520.1733322348477	1638.0173758063636	130.78848461035614	350.33639546324065	324.0948174659659	238.69805508520622	1054.977760109649	1366.8771615690619	967.5507979751973	429.41971580018406	1137.3952738890437	994.0614702602354	347.2196902567493	719.5890837726146	249.28989253156197	7500.767086528121	542.0537974282845
GATA3	351.87020403318564	345.0911832281537	191.29198057191417	337.94867991239227	437.5902400334777	927.3499273157815	396.3311088441942	797.0091809983713	730.7130085063349	518.734692099971	627.4931265353822	170.55863429291486	248.62504003105474	143.48018165806798	419.8076320384403	152.6031419951718	401.5646528106287	854.3352779203415	533.2570927950919	273.49484014433324	495.11406817109525	169.5375900286926	709.6872098308284	409.33138690774217	445.7116463166618	1487.9961102747247	557.2197665731958	172.7033474075017	435.50977753211316	131.5232851599186	510.0476642647909	361.97160303625566	43.59933372464888	214.67039189656123	589.2587458073072	885.3529069616071	374.13136521748385	30.32331702389663	1009.7585842831356	682.7735352423632	412.07164675776585	430.8463947843326	1105.6120518099817	197.19652832930333	437.4524611818982	124.35326134350679	837.8853941683537	489.07642784132656	561.1033151995456	780.8790613768449	744.1012364005653	115.56714500414161	238.02832445565778	853.1933122440298	575.2998212334884	785.814159670773	631.2915545383333	440.26875139776996	195.25495888992154	914.3343286887504	988.4601761609024	1006.8754862017342	512.111740144514	687.2146397652269	850.5026230675336	633.3066133574505	583.3732434350229	361.98356579188413	397.2341524594478	340.58812610288993	270.9307911901543	600.6839391782396	770.4184581239253	290.4243251747195	637.7891231643699	310.292362422223	344.3730385104082	202.20502186165703	518.991808466457	889.2839744662654	405.56229054208615	463.27989705033485	60.831549321592426	522.5396194508269	459.0784366731372	228.4556660300255	200.6151257203244	534.9372680840154	273.88593299756104	479.2043118589026	791.4804528815068	922.9110604981897	544.1165053813028	448.0164915647706	864.8343742531584	526.5196878241863	1063.9608300401326	56.11811832953028	250.32343458940798	358.56808919435446	1587.8661565825673	165.34557307677284	1841.8763045266535	894.0450696470416	309.3475444838258	225.31186851324765	152.42173758229734	666.0251369748568	975.095282559025	782.5492061041709	1071.666400321222	4000.0676018131044	1451.2723525036795	901.5500067494211	1259.8462544868162	3077.331902386496	1791.0898587102995	2363.891563317734	2340.676610562995	1735.010410889198	3236.481220399495	987.0380562569383	2751.757914578863	1732.3861754045174	201.21305324670175	265.01091232749434	181.9668576470041	199.12117548558655	1125.6554342657348	949.0677659087282	952.1228809232009	1290.2991460504343	584.5437011318305	885.3020096190718	1573.4304031172442	989.0981039121706	165.42950588951078	2527.813323877274	771.4861476594157
GCM1	265.96439250164616	429.6290599238988	389.15505971309256	159.81087249653257	405.7268730407487	503.60479356867575	276.29940159423825	679.5551964301903	366.83568038374705	363.0425369330364	482.2510215977608	224.00033970469485	270.5246549560699	447.7113075811936	650.207106860884	211.29665814716094	768.8184017418682	781.4849829038783	273.16712110484275	235.65278679102929	754.2588783202217	262.41470456615025	195.8130868588109	72.53973945200494	145.78643286677865	646.748575029078	141.8377587640862	36.311985865167024	18.466845690407624	68.95395532655927	723.9776087549994	325.0541012340505	12.82333344842614	37.60649201107642	39.014848466693856	451.58940220860495	132.4122884023874	14.269796246539592	809.938283963254	982.9584515989195	650.6779644185681	954.1842710576931	1582.4673367645478	299.316159071264	258.9404702960115	321.6032620952762	784.3677642015127	837.1265561772706	113.65123806449719	194.8667458770427	195.97728036887315	231.13429000828322	139.41659003831384	130.40678268445333	161.7820967529413	91.64223900660072	104.14163399696996	103.39126199232233	186.80236326698122	204.2989857525454	93.07878320569797	59.933064654865134	133.9827227122275	89.77128177113325	220.56603295319854	181.500360020559	153.56319998861832	214.71268541267654	138.20619308764157	206.49831267655532	226.72296978383542	338.21949186851197	343.3057349438199	103.3052968742291	241.60647028222567	161.35202845955595	288.3605563430527	102.57630846626333	139.57220958758504	611.1806224513606	140.42049199414166	352.0654298644665	29.199143674364365	84.57772686623962	215.46784863011231	362.68950369738513	221.1910360506141	230.28689567742364	251.48633996430328	293.58366932067156	107.05659110803964	90.45667008309879	125.16748507820841	49.59281989178511	1197.5570755217002	301.5986561323009	123.19546453096271	213.24884965221506	129.36177492204305	562.9956278508919	261.09857629555006	27.094442647034203	185.47990850371582	236.3567425503673	153.73063948434026	217.02834393555472	54.08513269049261	330.2316702119593	550.5213576575209	417.90585875720126	36.4609649208688	909.55267093162945	546.6128376605126	519.6253641207038	532.3004566265666	1081.834683450753	575.8085090798514	336.3062224101518	502.2720413855268	332.17417585938983	448.5695164453773	182.9858454647584	926.9443641814083	444.3458047303795	226.36468490253947	386.4742471442626	442.53478398176736	436.58245308330464	259.36761158196657	65.26365742431486	184.40034190719402	712.9795281337973	230.64826761527047	1188.7409048079182	500.40484772296224	373.26999289328506	15.580618283222623	416.0602804675357	130.34724747542325
GREM2	8.246957907027788	8.201435798840945	13.872319201780035	20.526167109646384	114.0000463517636	92.8979716291732	46.80481666350484	67.11656261038917	75.93104136975408	45.200948274271326	126.58498901880499	12.507633181480422	16.746764354423377	34.54152521397933	8.480962263402834	3.2014645173812264	13.978516395306695	8.278442615507185	2.906033203243008	17.200933342410895	31.603025627942248	17.690878959515747	18.391284401103785	54.92294558508945	19.741912784042942	574.0091264928003	0	53.13949151000052	8.463970941436829	26.815427071439714	15.712368804365596	156.67427594106587	1.2823333448426142	4.700811501384552	41.70552767129343	0	5.332038459156539	0	70.60317277969155	11.771957504178676	2.9276848792736474	0	19.228035683651857	7.042733154617976	10.789186262333812	11.434782652276485	9.477080306628086	0	0	0.7060389343371112	30.009021056483704	0	2.7203237080646603	17.341327484634753	12.083310130925078	0	0	0	0.8452595622940327	0	0	0	0	0	38.81962179976294	33.70720971810381	37.556217388520786	6.881816840149889	11.299877422260002	8.71583787271175	0.6315403058045556	0	72.70003798810305	16.56783063077259	14.288554694110122	0	0	47.16152113391417	0	0	6.977415751261698	0	6.083154932159243	165.8058407872816	135.43693342464204	34.84916939441067	42.180616177093846	80.36053130410096	96.72551537088587	66.2930866207968	48.7292069871077	17.711795540746618	36.20547089039086	17.651681656398093	20.795168829283867	0	0	11.223623665906056	0	9.838758544967042	345.2303397685606	50.02050950221699	22.044743223802293	100.39232877557407	2.8293982727179188	0	71.78572157101746	0	311.1642456325118	20.485581311627513	68.6324045569295	984.3414702856421	583.2572737047927	133.15399955593034	259.4707824289731	117.21089100644093	833.2953608059765	2044.6443521892563	90.67566056871458	435.3880335662462	243.19248493332228	13.181183783478359	2559.307927093851	1031.1822472645936	0	59.22592358834154	21.53453936650936	32.15621467469099	3.8905141737294984	29.27715473240293	8.08128988437902	293.75980558302376	3.521347597179702	212.08094825026905	204.97632975240873	1.34754510069778	0	138.38722071706368	57.75548770252494
GRHL1	258.4046810868707	200.6197372331862	175.95941724363098	362.14023400590406	325.714418147896	990.0968028898722	408.40977120896963	373.3358795202897	509.8227063397775	764.1112684460153	652.7628911342855	235.3709153242225	364.56417786937044	251.09031790161896	445.2505188286488	223.03536137755876	524.8297519328786	506.6406880690397	376.33129981996956	299.29624015794957	534.091133112224	545.46876791840225	236.9230166965723	255.96165206636027	336.37182166657783	159.71052830791413	1698.2538794878535	697.0129969728401	1053.3796562570017	469.269973750195	869.0148592568357	932.8422406605991	101.30433424256651	459.1125899685579	208.52763835646715	706.1036047691565	262.1585575751965	126.64444168803887	540.8469461991466	1073.2101257976228	317.6538094011907	417.96783407067045	1205.5978373649714	322.55717848150334	1237.8139148241155	423.08695813423	832.8681163589624	380.0068267460307	1548.9948460678672	785.8213339172047	532.2008020017212	1386.8057400496994	897.7068236613379	1230.540598309682	892.1510646666349	981.3657090470628	733.8227508961749	1053.0845095641837	656.7666799024634	879.6420480892615	1090.6643302691198	645.1618136376659	1282.6612654317246	779.3075926166481	372.31546362499915	691.6460147926301	544.1478608292346	508.56626448707675	534.5711242069154	522.950272362705	316.40169320808235	359.645161036653	72.70003798810305	11.694939268780653	245.50334883516481	23.582219544088947	434.9611269539092	350.7638134334867	194.45254442542185	1.0779199690500187	124.72130655380285	353.4300245538637	104.63026483313898	191.76534111256308	421.2616305870359	231.03708598516704	384.76952317641707	458.17496952487414	309.5216491868348	534.1328693447057	803.2935939692906	977.3115753733401	591.7008385515308	893.5113143214844	234.86308324838248	1288.1840905989802	78.39711379243082	134.68348399087267	115.92159051455806	359.6612845882397	678.8562983684301	211.8924360857803	614.2121560286984	1154.1165355302217	83.93881542396493	350.3930896364109	321.5606979962015	635.4352559446963	1184.247806638021	885.7965359147736	296.6921655325598	1163.3813232846423	1580.2913044095824	1433.5164732679916	825.1684684770908	2237.199180514242	1355.3428788660876	2155.1217585848617	1292.5726516363823	1447.9014405074497	297.3077027603082	1052.1686114223608	1585.2894652542382	1180.5474333835257	226.36468490253947	187.71606289864184	186.27376552030597	199.12117548558655	932.4265636371697	502.5911562395836	519.4065407505425	900.6594039229514	1207.8222258326377	517.6950326519387	1225.4812597297034	1245.1316730447488	35.28551787671006	851.8901638946518	442.9686946725766
GULP1	160.12843269478955	138.79352890346217	186.1811261291531	59.3792691386199	101.96277437673267	85.56392123739636	164.5717747200654	79.70091809983712	87.76445041439109	129.14556649791808	68.72431306804525	145.543367929954	139.1269654059788	204.59211088280063	236.05344966471222	194.22218072112773	160.11755143714942	208.61675391078106	126.41244434107085	86.00466671205449	185.4044170172612	94.35135445075066	67.0740960510844	128.49896702926588	107.06191163654057	1023.096156586341	245.6832607163636	154.99018357083486	217.75488876605658	71.50780552383924	466.53648911424	100.84780980114586	55.14033382823241	170.79615121697205	129.15260182077967	13.86458690991331	37.32426921409577	171.2375549584751	221.1344656873358	219.74320674466864	66.60483100347547	311.42701362128383	290.34333882314303	86.62561780180111	86.3134900986705	138.6467396588524	133.2365996049478	125.04795030033917	11.12669463568504	0	26.33444704956733	0	3.4004046350808257	15.954021285863972	6.041655065462539	7.937516764351243	11.809876020274944	1.3694206886400309	23.667267744232912	0	0	33.84455415804149	13.6960116550277	17.025587922111477	24.703395690758235	37.59650314711579	100.14991303605544	56.43089808922909	11.299877422260002	54.30637443766552	64.41711119206467	8.417227173198262	12.116672998017174	1.9491565447967754	0	50.88794743724457	0	410.3052338650533	6.775349979979856	1.0779199690500187	575.6367994790901	3.4114867234928927	332.1402592958947	930.3549955286356	213.70892741680527	153.5944873309211	151.23294092762916	177.51281541801407	165.96062111004628	160.99749607907793	104.10330583609372	101.21026023283781	261.713832436254	158.8651349075828	58.71577081209562	531.6315294535474	78.39711379243082	28.05905916476514	383.0452556133223	126.81066569068633	297.8457833297386	283.4495538458963	66.13422967140687	139.12637688583493	0.9431327575726396	0.8283524577692929	170.1223264628222	0	19.946426002084088	57.35962767255703	15.013338496828327	61.19083583510131	81.68655534870788	5.196253641207037	21.57974824161757	200.20493805447987	89.13006405904333	142.97076121784232	222.24426609979062	64.69037560500152	112.79436968757307	52.724735133913434	170.98973708200734	119.99211604533454	70.42456863634561	147.562894364173	38.762170859716846	76.68020422426314	25.936761158196653	22.567806772893924	62.446330924746974	57.11996219669906	59.86290915205493	105.4966768219287	44.4966409782809	9.43281570488446	67.82151487991024	265.99102163799256	25.433609263497218
HSD17B1	434.33978310346356	572.2078668883645	587.018138854271	384.8656333058697	912.7084456361695	1684.3869066447455	776.8089733346206	759.2561145300274	714.9351297801521	336.4959482640199	509.17394836668575	743.6356455171087	699.499464957838	519.4513984102276	804.2779213127021	616.8154970154496	1092.8658272694324	1408.9909331593228	829.6724795258788	1694.2919342274733	997.602175655377	1093.8860156633905	1085.0857796651233	1182.3977530676805	399.3940817079457	1144.855668266632	566.0846264959512	625.2746834343394	1208.0394889141655	967.2707622197897	988.6705909208506	819.38845463431	157.72700141564152	62.67748668512736	846.2186098465667	383.2567952954608	85.31261534650463	2113.713569018677	965.7981182127617	600.3698327131125	227.62749936352606	757.4935256126716	563.3814455309994	600.0408647734516	775.8405757732768	1425.059788039957	1228.1181126765691	791.2756410671462	50.07012586058268	253.4679774270229	477.0821918979756	231.13429000828322	299.2356078871126	243.47223788427192	247.03656267669047	79.37516764351243	88.57407015206208	90.38176545024204	143.69412558998553	119.49563317601712	148.92605312911675	217.16922251409954	130.40985010656811	159.42141417977112	502.00829100147985	399.94900761673176	287.9309999786594	403.27446683278345	427.65689936553235	419.0306669572957	474.2867696592212	449.1738500606709	514.95860241573	524.3231105503326	229.9158346234083	318.98054857004524	181.1761768870019	689.1477275693209	154.4779795435407	156.2983955122527	1839.421227426365	173.98582289813754	2025.6905924090279	1120.4455301686	1092.2900734636714	1630.1667016718768	852.8714831905073	923.5464045396678	1064.9988323994382	719.7535118829367	502.0584962308066	907.7295214632641	646.5262658998369	954.0313657148492	1504.5916270599503	843.4538688445704	929.5657778245368	931.5607642702026	803.0510183472283	2425.8005790313186	1314.1961673542685	400.8588053163778	1521.8474460017997	411.0552044354214	169.76389636307513	218.6850488510933	1717.9404874598288	119.57862584517261	63.82856320666908	131.92714364688118	191.5987960547615	345.2371848968062	109.93330813284052	146.14463365894792	66.79445884310199	888.1819070053289	104.69245619633662	164.0914418522963	174.23950462223584	58.87551038208003	110.83839795888683	107.0001977717655	114.22391343534905	84.99441553211196	492.9719804544193	478.8265347735409	396.2355243437722	572.6279767069973	129.68380579098329	74.41276827819078	113.87272109806801	325.3797846561965	59.86290915205493	365.4317877543097	90.45218821814478	164.40050228512916	90.27593534690754	377.41969286471914	120.80964400161179
HSD3B1	6766.6289627163005	3114.652964529058	2594.1236907328666	1622.3002790588373	3352.0262076350864	4372.723822474942	3069.490073448559	2550.429379194788	1798.185116074631	2628.112278232633	3264.9952857928715	2673.2223281509523	2164.1972396485594	2690.2534060887747	1084.1496760049956	2193.0031944061398	1627.8617729443524	1081.1646055852384	757.0216494448035	1563.5648408251504	1489.555941263678	3100.326537655135	1514.5763624438412	1134.7287814277915	3413.0729986258857	46711.37629916617	1360.1227938627553	1893.5372141396851	11063.179472361702	1563.5947832846634	3350.360486592418	3438.730228844429	2150.4730193010637	593.8691863415818	1884.8207828220031	3338.3944623798407	1963.9674991226586	9844.3756855815	1782.397078853345	3914.17587013941	4351.271651820458	2991.3384203097003	1576.6989260594523	2457.9138709616736	1447.712629382246	2341.2717480536103	2685.9160539608306	4409.329669756959	2065.5913827246727	3514.6618151301395	1712.3514872230292	2773.6114800993987	2587.027846369492	2519.3480569677367	3064.4617082040545	4149.156490456331	1591.6492000052367	2260.228846600371	4951.530515918443	1817.104563844338	1698.4140323769125	4309.53989612395	2016.8865858947313	2366.5567211734956	7681.8737956939985	5124.144092723282	3036.2115302097473	5239.12716040611	3577.7150361555514	3402.529015693241	2964.4501954465836	1994.1176375776972	22690.489634286827	69.19505734028553	5311.445467656026	4594.809302748278	2717.6426533050285	4754.470849312723	1268.345516252229	2090.086819987986	9854.72757168824	4244.5717813698575	400.27159453607817	3297.6939445470452	4949.604294246008	2440.7325675863176	2756.1431887423028	3960.454841285692	4712.059843541682	3059.8994695970637	2121.197146575158	2043.1821284504133	3267.8023583641357	1051.5358929597148	4576.160387667703	1676.6840544304187	3695.8639359288813	1425.4002055700691	1500.2605844855123	1826.7295031822143	5922.102523088698	1263.712594229621	5065.729960117878	9851.886563228187	2246.5422285380278	4424.230476945793	4146.854628287406	4160.919044670687	497.52085428055454	1016.0848330567246	1833.0571383746585	1810.0400328506512	298.4994686106989	4659.740452752411	1440.1912933631916	4159.166585837249	1264.7980518854722	1565.367368561262	1442.8097755198407	631.6397348398463	2073.9820229836414	1086.2846165090107	1097.2418351213832	824.945797811675	3486.016147499108	7094.061050827282	3605.9586169219924	3915.6375253873725	1674.866351790549	384.26265586278845	924.9403604030169	2279.698491243257	73.94829954077375	1894.5898043690702	3084.857290117212	889.3797664605348	334.9832930892864	5480.673111385529	1855.0638756563285
KCNN4	243.9725047495721	217.0226088308681	207.35466596344895	140.01778278365927	162.857209073948	180.09168184251996	152.49311235528995	369.1410943571404	249.48770735776344	90.40189654854265	141.46344854900036	121.66515912894593	332.35886180317164	140.82314125699264	240.29393079641363	204.8937291123985	171.5545193969458	468.55985203770666	306.5865029421374	239.09297345951146	159.0685623273093	429.0038147682569	48.68281164998061	334.7190834713942	554.292166628898	1582.8736518437825	60.78761089889409	525.1953077571718	714.0513666957615	862.5629041313108	888.3531593237471	4.502134366122583	41.034667034963654	64.24442385225555	270.4132600622574	2.970982909267138	0.8886730765260898	3685.1748806688493	741.9993818544941	1051.6282037066285	98.8093646754856	1730.4102486175095	1569.0077117859914	273.2580463991775	1077.9377911186236	484.5489148902161	1219.1985076820956	118.79555278532222	23.048153173919008	15.532856555416446	141.4710992662803	115.56714500414161	31.283722642743594	43.00649216189419	18.79626020366123	0	0	23.280151706880524	42.26297811470163	15.418791377550596	8.030326394217079	0.705094878292531	0.5954787676099	0	239.09357972126722	28.52148514608784	50.909539126661514	58.49544314127405	33.03041092660616	41.56784216216373	35.99779743085966	48.207755628317315	5.048613749173823	1.9491565447967754	0	26.06455844346673	1.3830242510458162	461.59338809818496	2.7101399919919422	0	330.5550712160229	1.3645946893971572	104.63026483313898	2281.086415679571	616.5018852641173	477.56269170118327	435.1805034856268	748.4324109516269	539.6265594375739	807.8286126791381	347.01101945364576	612.954638535124	289.6437671231269	1165.8515455916263	163.91486018376693	163.57893213955305	1220.7550576249942	11.223623665906056	92.40126780145933	201.14795247488178	146.9888281367541	116.01979287319774	568.6023424622108	369.15919321411883	0.9431327575726396	0.8283524577692929	335.32782268105416	1.3904491377345654	139.62498201458862	50.80424165283623	0	253.82865235301284	90.84766435977794	226.03703339250615	0	460.83536650358457	5.659051686288466	554.8240335896949	26.669311931974875	1.4537163057303712	71.71896338516207	100.02192400404167	172.37426936607218	64.99572952455621	25.15163165583772	83.31782470902284	36.60871692306591	51.94465447450084	20.100989897602407	0	24.24386965313706	16.319989199056877	14.085390388718809	75.0440278424029	0	6.7377255034889005	23.370927424833933	1017.2359341020526	64.64375687805543
LYPD3	2561.3676766243807	1589.1859059446417	979.8238088836215	589.3942270055604	654.2611355840346	2029.0872750582566	1299.2111206111585	3980.8511198287074	937.7976667874823	628.5084236232013	561.8389717830916	772.0620845659279	950.7009302741886	276.3322017118346	241.70742450698077	583.7336970025102	964.517631276162	549.6885896696771	440.2640302913157	565.9107069653185	879.6175466443926	1738.1288577724222	4017.9547215117327	452.8552305789451	8255.91606541919	6129.08918536114	520.4939183217806	1284.204378158346	7482.919764133923	3223.5974115166455	430.2771764887809	284.5348919389472	169.26800151922507	3323.4737314788786	1043.9835313846356	199.05585492089824	7.998057688734809	1979.9342292073682	3155.8286097186656	4259.486623595318	1128.6225209599909	12924.22106528328	4176.3293504891835	1592.3619662591245	2679.641533517816	1325.0054398325378	3322.552860441376	1654.8012089744884	42.12248683509336	84.72467212045333	139.0213832616694	231.13429000828322	23.80283244556578	149.13541636785888	112.77756122196739	393.9894684850708	40.26094097821003	60.25451030016136	609.4321444139975	87.8871108520384	27.01109787145745	136.788406388751	60.7388342962098	136.2047033768918	1364.8626119143926	434.95264847783955	228.6756347656599	366.11265589597406	89.52979803790618	103.91960540540933	120.62419840867011	162.98812617192996	641.1739461450754	538.9417846363084	55.855259258794106	259.4044149849784	170.8034950041583	992.1605008547194	20.326049939939566	127.1945563479022	538.1331898160585	371.85205286072534	1200.8147836082346	1592.7409554414628	700.9301035028551	357.52666378710205	653.2851529866974	847.9835168955132	391.9928780820112	539.8151339122026	494.6752830509418	2176.020595006013	582.3908603225731	3901.021646063978	492.9678257765528	950.802543061152	1243.1542329942602	106.62442482610753	603.128275285889	348.7293306493874	1235.8665944656036	232.0395857463955	2053.201774051379	348.6064329923478	179.19522393880152	190.52106528693736	126.85422031042812	32.67555473676229	378.98209403959765	62.27616718734764	19.30286378163642	601.332164502971	1473.411699280432	1761.5299843691857	201.92478711799296	2210.262516121458	232.0211191378271	281.0675192123491	40.892944962361476	15.990879363034082	22.819670168006112	27.91309507089535	741.4170381167202	271.2321789774749	201.21305324670175	249.95347412706855	76.44761475110823	179.3327356857767	60.951388721762136	33.54673979754502	56.56902919065314	346.7997704799586	47.538192561925975	607.9653849841046	70.02750055598305	32.34108241674672	293.28222650771994	9947.704761934383	302.55397686368565
MAN1A2	1950.405545012072	1733.6573519396093	2405.752198413959	749.9381768988661	1605.9136964335394	2549.8048528744116	2075.265177547981	2189.6778551639463	1671.9620862651695	842.3160837141991	1495.4032657967784	3587.416607960976	3378.9817616655782	5159.972458888296	5403.7864554981725	4103.210356443605	5567.26184798533	4763.415880962834	2506.4536377970944	3472.86844183276	5422.0257635672915	7884.235056290851	3273.648623396474	3567.9188990464713	2082.7717987165306	7327.708793850238	13217.506144828283	1578.2428978470155	4375.103524819073	2773.4813142460503	4818.86264792351	1874.6887500534435	527.0390047303144	1302.1247858835209	2034.1534786772795	2118.310814307469	468.33071132924937	3619.177073028604	5107.406876176177	8065.752883279757	1461.6466759773684	2805.1846790849477	7679.677452050551	1873.3670191283818	3606.530716963766	5827.451109166404	3558.364917482769	1790.269821799856	958.4852664740113	1042.8195060159132	1114.6207820979662	1040.1043050372743	537.2639323427704	1313.0853171365434	730.3689679136936	1242.582169837531	748.8535021947066	585.4273443936132	1730.2463240158847	1895.7403998698458	1056.3529356756467	1569.541199079174	697.3056368711929	1102.793763136766	2746.4882423332283	1109.0968428399158	1237.6860086039185	1257.3079366953846	701.461621520294	593.3474244115307	521.6522925945628	831.0098827357556	920.8671478493052	2055.3855764881996	4161.866294538984	4318.028515467655	1804.84664761479	4192.069709790796	1147.7442866085876	3187.409348480905	1453.9190071691562	1708.4725511252407	2208.1852403738053	1242.7064026683126	3203.874990038772	3794.6873340580505	3921.7685089532133	3343.9576309825893	3586.9893752803255	3987.0556381936362	1967.62631243397	3813.096554272164	2415.4221294017907	4664.246738635858	2388.9979249171406	1773.8090453882783	3539.0697083440195	2115.6530610232917	966.0132542879838	2734.0816801069527	3354.633189515789	828.8120532797899	2857.4548199404417	3184.8873435967553	2532.3114540825372	2592.7431928178867	1985.4160527655376	2246.9658065790577	123.09794332714752	290.07583137264555	224.48515657162355	1734.4957910789212	825.2632367472264	1484.829477974911	308.28211773739383	1656.2408511779697	759.7276888842265	636.0574206452872	261.3592569333538	667.9826424831056	26.73161362537859	390.78333099253484	310.8274977725559	329.97831912466995	814.9128656491421	1336.0966829844506	1293.1490889588872	1566.9970766474419	287.8980488559829	125.03784833630418	216.7255014447101	1087.3192803871643	231.52860451456542	1002.7622271115285	463.20273805259626	245.25320832699597	127.85272061820918	4571.271375244824	585.5028799200923
MSX2	1119.5245358790223	695.2294038709787	484.07092793579807	869.4297925728789	1336.1371892284342	1520.5931145617296	1013.8527222433386	1015.1380094821361	1205.0354877122013	1036.7519088305091	957.653228491146	402.5183769312791	617.053855828369	430.44054497420393	176.68671382089238	478.08536792892977	964.517631276162	422.2005733908664	741.038466826967	374.98034686455753	893.3121910831676	803.4607527446735	439.2271451087139	910.8918711187478	613.5179049810268	4519.333563406124	769.9764047193252	209.0153332726687	1114.1663566545933	386.90830488791585	7563.692613670762	509.6416102450764	175.67966824343813	665.9482960294782	1230.9857361043062	818.0106276848853	1016.6419995458468	701.0037406112574	1390.7492902263768	1765.7936256268015	991.0213316341295	1332.3456447406807	2224.68372859852	916.9638567312605	909.234151380313	1732.3695718198876	2096.6646490134253	737.0881959369992	7.9476390254893134	20.475129095776225	113.2993652132548	231.13429000828322	167.97998897299277	122.08294549182865	46.99065050915308	7.937516764351243	71.39606866802579	91.75118613888208	185.95710370468717	7.709395688775298	0.36501483610077634	1271.2860655614334	49.4247377116217	19.347259002399408	384.66716147037823	340.9613906100501	181.93900868216738	214.02450372866153	241.64353256832928	229.96403002616387	301.244725868773	238.74317073071433	2719.1833653050207	147.16131913215654	31.17502842351299	119.15226717013363	27.660485020916322	646.7023585487981	126.02150962762532	157.37631548130273	200.6007028487738	8.187568136382943	878.4075722037946	1953.661750286505	569.0110125048272	654.3899586283782	402.25904695716326	557.7260754687604	569.1532957086863	736.8003055854273	825.443233508885	537.6795074869509	496.53217221107474	587.5488322772508	1806.7331976971923	1267.736724081536	1287.952583732792	280.5905916476514	498.96684612788033	518.1746167015976	2085.8875150722274	266.0813213798487	478.90304244811875	378.64508254724393	26.40771721203391	27.335631106386664	650.9883243837473	61.87498662918816	3157.234287187024	1029.1956050961662	1279.7083766344144	3258.223147614716	1216.9006469704707	937.9237822378703	2327.5299889173234	8024.941935180114	2317.3816655351266	2833.4205404990566	3119.4205189766612	815.5348475147382	3205.8376633167445	1097.9150727885503	2829.291722486494	1808.0062068705877	206.2433795778693	562.1443594825638	208.8850318551408	288.16915458473085	809.2269481357356	1193.653996069011	957.2655199405331	1740.1188483494393	1361.0008463099548	1683.5964507252127	1366.9951671032525	623.9133816230722	205.75581203432228	1639.9784273288392	2044.7562114132452
NECTIN4	63.913923779465364	83.90699701891121	42.34707966859169	148.81471154493627	48.14908790012376	152.38526925136304	92.85471692921121	293.6349614204526	169.6121963064637	54.528128076898746	181.84783870238778	50.03053272592169	175.1969194001215	35.870045414516994	32.510355343044196	29.88033549555811	73.70490462979893	86.09580320127472	61.02669726810317	51.60280002723269	60.045748693090275	70.76351583806299	440.30898536760236	98.44678925629242	113.13634633932301	360.53465796242	267.2122062430553	98.30805929350096	119.26504508388258	215.8003416701577	108.77793787637721	1.800853746449033	1.2823333448426142	3.133874334256368	34.97882965979449	102.00374655150507	2.6660192295782696	0	163.852646262303	368.8546684642652	68.0686734431123	175.61673700448338	534.5393920055217	28.170932618471905	377.6215191816834	101.48369603895381	103.13293274859976	184.09837127549935	53.2491814707784	233.6988872655838	42.870030080691	115.56714500414161	82.28979216895598	135.26235438015107	56.388780610983694	70.71605844603835	1.0736250927522675	5.477682754560123	69.31128410811067	114.09905619387442	481.8195836530248	31.024174644871366	35.1332472889841	63.45900952787005	159.68980785811573	283.9184203178744	116.84156520873134	112.86179617845818	63.45315783269078	71.06760111595734	17.051588256723	99.47632113779763	99.96255223364169	157.8816801285388	176.65849439990694	155.1461812111115	80.21540656065733	56.00430634652308	191.06486943543194	109.9478368431019	79.36810417060181	212.8767715459565	0	456.38476378317415	51.88817579255766	27.104909528986077	38.06543411103591	73.16406581418147	13.236123156015962	71.97535118829367	103.36498451810725	225.82539314451935	88.96201418781756	57.998382585308015	103.97584414641932	15.335524888083098	0	22.44724733181211	58.80080678274684	24.050298665474994	481.5818185006812	33.347006334811326	492.585986518065	33.99110344369831	109.4033998784262	115.1409916299317	6.883562342426331	96.63621507255229	316.29332660447625	3.277693009860402	68.6324045569295	331.6392213778948	38.17128754612518	184.46700426284983	95.05365296902976	604.2549039462483	79.22672360803853	257.50983696622734	452.48932577917367	189.70997789781345	145.39389849901036	36.44209634255782	733.8021105543635	348.10212831901737	30.181957987005262	36.13785168102196	45.222532669669654	59.365319399429524	23.343085042376988	286.06219936452027	140.32057890149025	187.67987578915407	44.01684496474628	250.14675947467632	249.47297073068964	14.82299610767558	26.12044829834381	514.9082952654383	161.60939219513858
PRKCZ	2261.0409595101187	1328.6325994122333	1693.8831867436675	837.9074645116362	1566.969581220204	2042.1255868658598	1328.6528601252985	2919.5704735519284	1591.1004577934834	909.7587684408896	953.1660740296585	1785.1803722658422	1697.8642630100007	1335.1628015403548	1912.4569903973393	1234.6981488700262	2026.884877319471	2221.933998002128	1528.5734649058222	1701.1723075644377	1710.7771206592738	2112.585795748839	2321.6291955746306	3064.285850851123	2649.9721390888412	6465.904457931296	3485.156358203261	4612.507863068045	4852.163705154603	2257.603574395496	3511.1101058986196	2623.843908576241	484.72200435050814	885.319499427424	2589.778734427092	819.99128295773	210.6155191366833	1393.0888585684277	2734.873843711448	3082.29087317745	590.6604243934584	2800.5015660981617	3899.4456366445966	1593.0662395745862	3371.1302894219375	2451.3315310817716	3064.441790913799	3237.3524911087807	440.29920201210797	297.2423913559238	695.106916308347	346.70143501242484	284.273827492757	445.3252898054204	454.4667199242376	290.0801581153818	353.222655515496	610.0769167891337	753.1262700039831	699.2421889719195	313.18272937446613	1156.3556003997508	387.061198946435	783.177044417128	2457.9878712304444	890.648195243743	749.4551825531481	863.668013438811	806.6374036813294	648.9946969834596	562.702412471859	556.302195901376	1681.188378474883	2881.8279514820324	1809.4506080813999	2294.9223124747614	558.0502852969868	3639.690393509826	1624.0513902011714	2698.0336825321965	2882.544882239989	597.6924739559548	6034.489692701969	3761.615337456914	3441.3293538352223	1910.250766804733	2655.3212281238834	2840.205046688225	2334.648492057277	3504.0631499564024	2155.8982485205224	3982.623740162168	2225.084796720879	5272.809477646916	813.4580747925747	460.0657466424929	2195.119186188063	353.5441454760408	440.1660393451335	1905.4395715419507	3806.237023330685	2645.5291692283654	2934.231339444029	3275.003292261444	1272.2860899654909	1579.6681369660414	3471.2821526807074	1401.572730836442	730.0391916762776	155.6904179683691	100.8038441929902	1057.6193848042203	781.7479689446437	1827.1326865894246	251.76372948553828	1711.5702158766624	469.7012899619427	831.0175495787084	176.01745875103416	387.41539547714393	219.7208241890874	220.97866931125483	278.98325523906465	156.23973443402934	231.395011233707	535.0409707217973	393.0053434387958	362.37580383401774	293.0854010876222	208.59972746837087	456.9602098257955	645.6595726876876	197.19546544206332	1031.0396868782311	142.97281363513207	125.32169436489355	311.15411218553413	3266.47757991251	708.961858219985
RASA1	759.4073739388089	564.0064310895235	473.84921905027596	790.9905111181589	708.0748220606434	573.6857195345432	919.4881725185305	1417.837385144471	758.8173549873477	633.5307512092314	513.1887707795956	940.3466037349373	1097.5571715360552	856.8955293467949	1556.2565753344202	1121.5797359225562	804.4000798390125	1273.224474265005	610.2669726810317	1248.7877606590312	922.8083483359137	1287.0114443047707	98.44746355884968	536.7940719448366	719.8205122797197	936.1250768147046	1733.713319178875	2394.819750717357	1587.3792774712888	692.7318660121927	1264.2413668743395	825.6914427468816	210.3026685541887	70.51217252076829	2406.812548514321	661.5388611301494	86.20128842303072	3936.68003951411	1138.9757118233258	2173.888152438329	301.5515425651857	1431.861795709888	2497.7218353063763	759.2066340678178	1600.7229072844345	1246.391309098137	834.5405422954261	551.6004029914961	127.16222440782902	90.37298359515023	184.34112934697131	0	157.09869414073415	161.6211721567959	214.14310732028332	101.74453307032047	48.31312917385204	292.3713170246466	374.44998609625645	246.70066204080953	178.85726968938042	133.9680268755809	188.7667693323383	427.96136913307487	736.6905500636831	324.7560013225002	322.148886932645	366.11265589597406	284.23537823684774	219.23684495205708	353.03103094474653	33.668908692793046	1375.2423852749494	1161.697300698878	45.46358311762311	2360.7042933082726	70.53423680333663	2762.486100419023	142.95988457757497	958.2708524854665	951.545073078314	48.443111473599075	1908.8940177115703	1230.1453541238216	1252.351903874612	482.7255316114663	722.2144525931678	1303.759664590414	1195.3237373202107	872.2276111107693	961.2943560183974	1126.596709216776	1070.6474963301298	1309.5866676508679	675.2313643390996	475.401271530576	447.98350738531894	824.9363394440951	614.8884366424384	1171.9054622449632	1480.5256307721745	268.1655092757744	509.30958482577705	2039.4662066218984	107.51713436328092	44.731032719541815	2462.3485864907907	101.50278705462327	538.5535020562704	301.54775690715695	97.22923978898345	258.36130685931664	139.70691241881815	267.60706252216244	117.66100826977197	250.43817705724027	588.5413753740005	785.5268528275768	504.04999551432513	481.90695534961804	403.5821666855938	137.2393840985688	697.8042711686778	578.0870174059086	563.3965490907649	771.9446650751635	396.2355243437722	849.6661339043351	246.39923100286822	314.7294133733315	143.99389248529891	623.2195875389845	682.2610969535673	240.35840801697157	95.55836013368521	239.86302792420486	116.85463712416967	1459.3561457435808	202.93900724832156
SLC22A11	65.28841676396999	94.00107184825393	37.23622522583062	12.462315745142448	37.5279655692141	149.12569129946223	48.314649459101766	218.12882848376478	82.3408046022658	23.67668719128498	19.837946040260483	59.12699322154381	97.90416084124435	65.09748982634565	77.74215408119265	80.03661293453065	128.34819599327056	153.97903264843364	50.85558105675264	75.68410670660795	108.50372132260172	89.92863471087172	437.063464590937	141.9706329274954	451.7860810194443	0	36.72584825141518	77.05226268950075	538.6163326368891	127.69250986399864	76.14455651346404	0	0	0	227.36239278866418	0	1.7773461530521797	0	142.53848089484896	198.1612846536744	35.13221855128376	426.16328179754635	459.5500528392794	107.04954395019324	106.9110275085805	280.1521749807739	316.0885019916544	168.81473290545787	0.7947639025489314	0.7060389343371112	18.372870034581858	115.56714500414161	14.281699467339468	2.0809592981561704	0	0	10.19943838114654	0	0	4.625637413265179	1.4600593444031054	0	0	0.7738903600959762	26.467923954383824	0	0	48.86089956506421	29.553525565910775	4.022694402790038	25.893152537986776	0	0	0	0	0	0	40.67681197800098	0.6775349979979856	1.0779199690500187	47.097556321016455	0	169.11170711402696	247.03395470832362	65.08008489236045	60.66336894582598	42.180616177093846	89.95581862399362	60.071635861918594	38.828807877895265	56.112420166972505	122.08487640586061	175.85514432475563	214.34184868483396	48.92980901007968	10.223683258722065	0	0	21.840299662163112	114.78551635794884	853.8890476628544	84.75697443431213	460.65911702152374	45.057974332344266	0	0	30.48434751645947	0	54.71019703428778	0	0	46.83742989847261	0	31.177521847242225	0	87.3621547874094	33.95431011773079	6.498670964447378	0	0.7268581528651856	0.651990576228746	0	157.8366803833914	84.36945659437585	15.090978993502631	19.0727550538727	3.230180904976404	16.078107337345497	0	0	0	56.09996287175801	14.965727288013733	105.4966768219287	0	1.34754510069778	10.998083494039498	444.8160665905619	30.73227786005914
SLC2A1	860.4326082998992	1047.8911432211394	636.6664391553785	1375.9862737430808	550.8822115631806	937.9435556594592	1355.8298504460433	1237.4616231290502	855.4568621852166	783.4831034207031	640.9545899198447	328.60963540434926	1623.1479297364197	280.31776231344764	552.6760408317514	886.8056713145996	649.3656252728838	759.9610321035595	399.5795654459136	557.310240294113	612.0452629944816	1400.52791762833	2204.7904476146773	1760.643104699377	2785.8876155635985	7413.09858126239	568.6174436167385	1594.1847453000155	12140.41213763548	4380.491550884473	8118.460096840286	389.8848361062157	916.868341562469	987.170415290756	1747.5961433874247	158.45242182758068	296.816807559714	353.1774571018549	4124.290998602359	4957.956102176586	769.2492020291508	5987.3599536061865	6727.889685709785	1144.4441376254213	3127.883180962048	1260.6847874134826	3537.738330933049	837.1265561772706	1865.3108792823418	252.05589955834867	370.5195456974008	1502.372885053841	292.434798616951	896.1998044059239	469.2352100842572	728.8083574540686	724.1601250614044	401.24026177152905	771.7219803744517	367.73817435458176	1846.2450409977268	1029.4385223070954	736.6072355334463	440.3436148946105	2142.137312041464	971.0269261099905	1405.4371129393112	688.8698656990039	452.86431823057393	242.03211323453397	202.09289785745779	522.6332872085829	2334.4789976179754	807.9253878182634	666.3662325525902	1737.6372295644487	131.38730384935252	2268.469166541272	169.3837494994964	1354.9454010958734	880.0265616278816	69.59432915925501	90.0306929959568	5918.766074164174	1255.869746301226	436.2599724189188	680.033836416074	1344.539635699958	502.97267992860657	646.8311166000602	1000.4253858716809	3239.9934557037204	903.0678882088922	8046.645166509473	1422.6341969680668	204.4736651744413	100.79628916169676	370.37958097489985	495.60680002600907	1788.4676643962314	1116.9216874865197	593.2988210401849	1639.6727977152257	549.3910905434959	232.01065836286935	686.7041874907437	1002.0500038474903	2265.7368699384742	657.0922622972272	802.2153641633333	842.8917184647903	395.096384466148	526.000342385605	659.9242124332937	846.234413189146	2448.324387917148	824.8067832765439	2665.267429293981	983.2086332254737	1635.4308439466677	1731.0349798873208	1149.089080418525	2458.2370703571178	2732.9454347200412	271.63762188304736	283.0798381680053	181.9668576470041	238.69805508520622	1105.5544443681324	4261.6558357354015	577.4448953747191	1992.0586816098798	1693.7681942434367	712.3744671996217	561.6789107094475	1982.2388431264344	528.8245146717326	5276.686753575312	606.1676874466838
SLC38A9	738.1027326789871	504.07286179030126	294.96931355363864	244.84785052221042	232.24854163589106	408.26213847557693	295.1723115391999	503.3742195779187	327.3909835682904	294.88237683691295	269.70159973782705	261.5232392491361	322.053160661988	247.10475730000596	251.60188048095077	372.43703885534933	198.24077796980404	144.04490150982502	158.37880957674395	268.33456014161	203.31279820642848	140.052791762833	479.25523468758684	165.80511874743985	564.1631230209194	2716.6602735940246	234.28558367282096	522.5383331816718	804.8466913402657	301.3543232790368	350.506688712771	123.35848163175876	150.03300134658585	84.61460702492194	90.1377533540858	39.61310545689517	218.6135768254181	10.702347184904694	482.2329914386479	1063.4001612108073	249.5851359580784	1119.2640038419074	671.0584453594498	363.4050307782876	690.507920789364	484.5489148902161	227.44992735907405	329.2929357908931	106.4983629415568	121.43869670598312	205.77614438731683	0	205.38443995888187	316.30581331973787	208.10145225482077	204.93225100688664	118.63557274912556	112.97720681280255	239.20845612921124	134.1434849846902	173.38204714786878	569.716661660365	294.7619899669005	113.76188293410851	267.3260319392766	159.4610305894911	150.22486955408314	313.12266622681994	184.2749241168554	107.2718507410677	138.93886727700223	22.95607410872253	275.6543107048907	120.84770577740007	87.0302876823071	292.9159901265785	107.87589158157365	1505.0420431860362	189.70979943943595	30.181759133400522	274.73574520592933	63.45365305696781	70.56459721304722	1080.2501748262287	706.2068671427762	222.00211614217167	274.68840290936726	405.40088926546457	595.6255420207183	247.1785086861138	435.6095776120234	1027.2841413633037	336.19365826791517	527.0287808838859	570.0322749674283	61.34209955233239	223.99175369265947	129.07167215791964	52.08071457900434	384.8047786475999	1132.3941957114412	53.4941559954265	585.3259407699229	680.6125596517265	58.47423096950366	132.53639324308685	183.88945114767486	156.4255279951386	143.0443693292316	77.02578573171945	137.264809113859	674.610079021549	425.99156901475703	334.5088281527031	70.39108355003826	243.88601544818457	558.831354020986	115.35140961894096	196.4639312322149	106.1212903183171	129.09413409329173	55.8261901417907	430.5895403441643	304.35500267748915	160.9704425973614	230.88071907319585	133.51414407235802	150.88685347355005	202.3067370339339	116.49867820601999	38.937123988371646	251.9398332604405	102.11908031821136	175.10273163227342	108.68851648793203	258.7286593339738	97.14973753068223	671.2678823093934	180.1547322831053
SLC43A2	228.16583542776883	172.23015177565986	139.45331408105193	189.13396836745596	81.428604536974	620.949599837105	71.71705779085418	440.4524421306789	282.5226409407084	169.32418718615926	248.21049152754486	110.29458350941827	374.86987901055403	45.16968681828066	142.76286476728106	69.3650645432599	216.0316170183762	233.4520817573026	191.79819141403854	227.05232011982383	213.84714008240923	141.52703167612597	459.7821100275946	385.49690108779765	245.25530112484117	1037.3277878216998	138.03853308290533	334.7787965130033	459.3627865488897	247.72346913615735	217.55587575275442	319.6515399947034	12.82333344842614	446.5770926315325	808.5491009821726	9.903276364223792	9.775403841786988	14.269796246539592	286.40909712516384	443.4103993240635	79.77941296020688	292.694561674139	590.3006954881121	92.2598043254955	207.9370443286153	228.69565304552972	351.7669219695484	243.1487922506595	97.75596001351856	28.241557373484447	173.92983632737494	115.56714500414161	67.32801177460034	115.14641449797476	40.27770043641692	93.80701630596923	112.73063473898809	81.48053097408184	63.394467172052444	70.92644033673274	5.475222541511645	315.1774105967614	90.5127726767048	134.65692265669986	456.1305561472146	105.0109225833234	132.69863477277346	46.10817282900425	81.70680597634156	54.30637443766552	37.89241834827333	35.9645161036653	119.14728448050221	137.41553640817267	25.979190352927493	115.42875882106695	2.7660485020916323	168.60243805374319	44.71730986786705	86.2335975240015	102.04470536220232	1.3645946893971572	430.6873691968744	1020.7945450489711	276.1506304892052	269.75838531229	157.40571402671605	332.2368234512831	154.7608245934174	417.64644571101985	581.05887725536	1394.803898833796	382.74354941270343	682.5316907140596	480.73537352403287	51.11841629361032	11.199587684632974	28.05905916476514	176.40242034824053	266.73967610799536	823.911062977069	194.52420361973273	973.7695196445081	828.4343350929262	25.46458445446127	31.47739339523313	105.22016723423107	100.1123379168887	99.73213001042043	8.194232524651005	3.5746044040067444	261.38307653018586	134.36293216236064	550.8028859679459	70.90488707960058	513.2526593760302	114.59579664734143	254.26050148400367	271.13800464174454	120.65845337562081	298.61168391276567	130.26111033084496	436.819935622456	221.23546395858554	55.33358964284298	95.3637752693635	96.90542714929212	56.8917644244533	132.92590093575785	183.59215780111003	107.26075664721245	126.47991629269079	18.487074885193437	58.73010874622835	13.859609485038312	40.4263530209334	59.114698780462305	666.7747907276705	107.0331056505508
SQSTM1	497.5664603906766	296.5134481119419	305.92114450241235	753.6035638827315	713.031345815068	1502.6654358262751	537.5004752325071	1891.8481085803446	1898.2760342438523	717.4753694328782	843.3488727353594	243.33031825789186	336.2234997311155	267.03256030807097	340.6519842466805	218.76674202105045	332.9428450518504	468.55985203770666	319.6636523567309	698.3578937018824	339.20580840658016	312.5388616181115	42.19177009664986	312.9571616357927	703.8751211849157	3561.07039355864	542.0228638484723	309.9803671416697	404.73170138143377	743.1704074084721	1168.758510293964	2574.320430548893	612.9553388347696	1629.6146538133114	3059.3022556297183	1055.6892604262564	564.3074035940671	3039.466600512933	592.8002242823158	229.5531713314842	333.75607623719577	447.2372902380843	236.50483890891783	201.42216822207413	312.8864016076805	212.97282689864954	432.6008422319644	122.96381779533353	491.9588556777885	525.9990060811479	624.6775811757832	1386.8057400496994	709.3244068778602	615.9639522542263	469.9065050915308	601.0864967913259	679.0678711658093	564.8860340640127	893.4393573447925	1006.8470769540539	483.6446578335287	1690.1124232671968	644.3080265539118	902.3561598719083	2738.547865146913	1608.222832896453	1533.9628346689158	2345.323179123082	1909.6792843619403	1731.0994913339798	1976.0896168624542	844.7835272009892	11420.97402338102	3842.7621280668427	1913.36736949311	6085.453811824637	679.7564193890186	2725.3464025260655	1464.8306656716447	14687.737498275554	4317.275996093175	1022.0814223584707	3922.4183002562795	3228.189475934195	1879.4073164185716	520.1561209610185	779.8270015179789	852.7811605554595	530.463089560332	690.3951449508695	1099.360442481869	1488.423389549171	938.2389170738433	1943.3660947424946	976.1496897510897	766.7762444041549	907.1666024552709	1111.1387429246995	927.3727241164645	475.53999634007374	10540.64622822776	2600.3717648166416	6361.048665406123	3342.9854991488405	2491.756745506914	2680.5485533414317	1404.2467178549716	1933.419526019913	257.59384436977166	475.26548642975825	225.2000774524249	100.47384155640093	620.6651354999955	293.5883307281976	310.85113538520545	283.9270030590805	601.2742416681494	1193.3184558466498	720.0714221633216	303.0998497447824	777.824757440894	1105.6687103082436	647.2688428003112	635.5832396776314	271.63762188304736	394.5048808511564	353.1664456107535	303.0104844345882	365.05991330161794	233.6072971356317	471.6534641610301	327.41978330607856	272.9044387814269	264.2854893580276	309.2881274555918	250.6433887297871	346.4396300622442	72.78808362391013	229.43235023113115
TACC2	46.73276147315747	186.74038434284	140.9135582075551	43.98464380638511	31.863366992728956	100.23202202095003	70.96214139305572	327.19324272564717	12.32646775483021	52.37570196860011	27.867590866080203	187.61449772220635	329.78243651787574	208.57767148441363	308.14162890363633	128.05858069524905	241.44710137347928	299.6796226813601	82.82194629242572	151.3682134132159	186.45785120485928	116.46495315014535	77.89249863996896	481.8711263597471	87.31999885249763	264.07582403387784	8.864859922755388	61.996073428333936	98.489843682174	577.8086071345938	158.33233179783792	335.85922371274467	96.17500086319606	37.60649201107642	174.89414829897245	1.9806552728447586	1.7773461530521797	3.567449061634898	266.42706709317565	408.0945268115275	99.541285895304	263.42510550672506	688.3636774747365	125.36065015219998	215.78372524667623	265.8586966654283	197.34626050272604	166.03588956545033	0	50.12876433793489	54.50618110259285	231.13429000828322	2.7203237080646603	65.89704444161205	28.86568531276546	4.329554598737041	4.831312917385204	2.7388413772800617	22.82200818193888	0.7709395688775298	40.1516319710854	0	9.5276602817584	27.08616260335917	43.23094245882691	3.8892934290119783	10.014991303605543	20.645450520449664	13.907541442781541	7.374939738448404	15.156967339309332	71.9290322073306	0	79.91541833666778	16.88647372940287	6.20584724844446	55.320970041832645	57.772863389044865	54.202799839838846	12.935039628600224	118.61606777144885	29.33878582203888	85.1641690502294	170.83026020507802	95.86120612523364	220.7114061646009	156.3769185102016	56.37231300436933	99.78000532996649	54.92855748580306	38.392708535296975	242.27206043235552	34.13658683951139	57.998382585308015	327.82972036753387	148.24340725146996	78.39711379243082	263.7551561487923	246.96338848753675	231.75742350366812	122.81303403531427	80.58859864246071	98.06109916794813	151.77422933000176	17.919522393880154	3.3134098310771716	15.733856782688758	10.42836853300924	0	0.8194232524651005	18.58794290083507	0.7554424177173001	16.79536652029508	1.2990634103017593	0.513803529562323	61.153508351186574	16.977155058865396	216.89314343843125	65.78430276553802	5.088007070056299	37.163462845038524	22.485548807110142	169.60520479794252	74.99507252833409	25.15163165583772	76.2910202154908	52.759621447947936	43.28721206208403	5.835771260594247	3.6596443415503663	7.346627167617291	11.219992574351602	0	51.116946501346895	91.18164134893627	370.5749026918895	65.07199400640036	55.7143356133633	2.6493342982809605
TBX3	207.54844066019936	271.27826103858513	229.98844992424796	186.20165878036363	480.78280417917694	722.8114108340054	252.8969932624858	1065.475431439928	334.2938055109953	200.8931034412059	296.8606925310408	264.9344119349944	539.7610972694919	268.3610805086086	563.9839905162885	215.56527750366922	542.6205909814508	1296.4041135884252	525.9920097869845	421.42286688906694	608.8849604316873	771.0274746522281	1406.3923365549954	1110.894295607847	611.9992963053312	2318.1745990039813	324.20059146076846	375.519073337337	977.9733696878371	1531.6716558186636	1466.0848738227282	727.5449135654094	179.52666827796597	1700.1268263340796	3632.416926209428	30.70015672909376	4.443365382630449	30.32331702389663	1718.4545827509828	1722.629781444813	223.967893264434	871.0590155422376	2076.6278538344004	164.09568250259886	588.5010688545715	331.6086969160181	991.1911050108669	469.6245244612738	48.48059805548481	11.296622949393779	162.29368530547308	462.26858001656643	25.162994299598108	109.59718970289163	69.14338574918239	25.25573515929941	44.01862880284297	17.117758608000386	101.43114747528391	55.50764895918215	6.935281885914751	14.806992444143152	22.0327144015663	23.990601162975263	265.561503675651	112.78950944134736	125.18739129506929	135.5717917509528	67.79926453356	31.511106155188635	56.207087216605444	84.17227173198262	652.2808963932579	322.5854081638663	37.66982601174487	58.33496413537792	1.3830242510458162	257.61980919400617	52.84772984384288	15.090879566700261	397.7126978219168	8.187568136382943	658.19736365963	913.6069308026476	895.290897573283	454.32991210490945	417.69097970488053	491.75847514449845	233.15940020981964	588.1143827359259	603.2085167949544	1773.0772464540273	677.559526663029	3268.082775241704	325.3832299170299	143.13156562210892	223.99175369265947	448.94494663624226	843.3715715696833	512.7086397321715	2229.9752479168087	386.96421934353975	3519.557280213952	1113.0110150866794	3.7725310302905584	22.365516359770908	295.99318072433226	0.6952245688672827	155.5821228162559	181.9119620472523	0	557.5165042753675	525.2369166346825	540.4103786855319	22.607355300742213	3417.3162881008307	99.03340451004816	1005.6693317482318	220.46631197099228	55.241219617754105	83.45479375727949	63.57982766148385	596.7334144319447	275.60689154162776	60.363915974010524	175.67011233830118	127.05378226240522	77.91698171175125	55.764036490122805	168.34363971131685	30.855834103992624	100.97993316916443	42.25617116615643	871.1632797357205	2.9178125231659604	20.2131765104667	231.8762603326661	2838.7352613324947	126.6381794578299
TINAGL1	657.6948930854661	280.7414561910939	235.099304367009	448.6433668251281	162.14913425188735	1343.7610106711104	118.52187445435902	209.73925815746614	716.907364620925	176.49894088048805	559.0049794916258	110.29458350941827	153.2973044751063	99.63901504032499	120.14696539820682	112.05125810834292	348.1921356649122	195.37124572596957	351.630017592404	373.26025353031645	390.8240835988858	95.82559436404364	2446.0408253468036	294.30408577670573	659.835469589743	245.10031572006622	1094.1769961800935	323.2652400191698	535.5385250218211	230.48498030451753	195.80028817747896	614.9915544123448	3.8470000345278423	192.73327155676665	2869.6093717054478	1882.6128368389432	335.918422926862	1205.7977828325954	243.7807663902557	188.35132006685882	130.2819771276773	518.6547632865743	211.50839252017042	91.55553101003369	115.73854354139907	228.69565304552972	352.32439728170294	684.9848833118579	872.6507649987267	522.4688114094622	1166.0648181947954	577.835725020708	490.33834837865504	783.1343492061054	831.0632190047359	1003.7350744738708	363.42209389664254	323.1832825190473	545.192417679651	3124.6180726606285	2512.397116881644	2124.450868295396	269.7518817272847	761.5081143344406	3162.916912548867	1726.1980669098164	1627.4360868359008	1668.840583736348	578.0321912156078	371.4287831909469	271.56233149595886	1129.4388461491485	4957.738701688694	7318.108247439493	8156.166811301587	10829.203448535582	839.4957203848104	1881.1551742290017	4421.593396934853	8588.866313390548	6764.604570848216	1515.382402575543	518.2848002199675	949.6152699635219	792.3940065948212	391.085123203942	310.6962459873742	947.5346228393994	423.5559409925108	855.1808174082787	2498.4793400662493	6861.423079659948	3746.749016142735	3495.8735242361745	63.60875171310359	71.56578281105446	1825.5327925951747	460.1685703021483	102.48140610707307	580.4867541530556	13363.411947511875	509.23657590451467	3461.0246861369596	803.1386302045926	2018.3041012054487	3389.618257191946	2279.4425013920336	2045.3506816075455	104.86121098238492	93.41425078102145	64.34287927212141	96.69662946781442	19.08564377306259	164.98105310832344	59.08740589966715	388.03357084741003	192.40775733380784	1748.1424894363447	568.0563441510648	460.8280689165277	573.7517070812966	239.5873993585184	1209.388950130635	612.459758981395	171.03109525969649	173.66245391157773	204.57812398183893	228.8038351853013	17.50731378178274	495.8818082800746	74.20093439293464	1485.1190171141757	14.085390388718809	442.6510048095359	259.6853145617705	17.51808630907114	181.46837765165174	453.80224975400756	144.12378582648424
TINCR	355.9936829866995	449.8172095825842	518.3866649086224	205.99474849323693	721.5282436797958	479.97285341739484	714.9058287151464	335.58281305194583	323.4465138867447	203.04552954950455	273.7164221507369	532.1429389938944	672.446999462231	457.0109489849573	360.44089619462045	563.4577550590958	475.2695574404276	473.52691760701094	1083.950384809642	357.7794135221466	432.96145110280884	470.2825323404603	94.12010252329584	130.57153101360888	94.91304223097569	5877.663700203137	672.4629455690158	360.46288407617016	51.553277552387954	31.92312746599966	606.7391645993484	24.311525577061946	56.42266717307502	15.66937167128184	180.2755067081716	173.30733637391637	15.107442300943527	3.567449061634898	293.0697738024932	304.1089021912825	108.32434053312494	92.49148148902792	528.7709813004261	303.5417989640348	177.53115577112908	168.66304412107817	249.19146453310321	272.32664732073863	108.8826546492036	43.06837499456378	173.3174073262222	346.70143501242484	48.285745818147724	241.39127858611576	144.99972157110093	207.09702830625514	58.51256755499858	148.58214471744336	171.5876911456886	110.24435834948676	216.0887829716596	198.13166080020122	111.9500083106612	202.75927434514577	622.8784770598327	322.8113546079942	214.48773041888538	460.39354660602754	352.9038641105816	328.5200428945198	487.5491160811169	227.26513367635306	371.57797193919333	337.20408224984214	400.07953143508337	340.0804292147564	250.32738943929272	666.7460050307117	350.96312896295655	1156.60812679067	765.7713787009712	123.49581939044272	942.8890144846827	1027.4937709393664	583.0823822112835	857.0314251069883	582.298262347198	397.0050128605585	571.1896223480734	476.36317957515416	275.39385160895716	443.42745264512064	263.7827164871334	411.03201571326986	1129.0553429075887	797.4472941803211	190.39299063876055	622.9111134577861	381.36523256238667	531.2929614282203	701.0980289417547	116.71452217183965	269.09790004227625	348.6064329923478	417.80781160467933	574.8766056918893	620.5039768672879	346.22183529590677	148.17345030119608	7.374809272185904	7.149208808013489	83.09866594890302	9.161109011070044	20.78501456482815	46.7561211901714	886.7258710922054	16.977155058865396	58.4880386800264	62.228394507941374	2.1805744585955567	75.63090684253454	13.956547535447674	122.53110713973807	59.37109908493115	628.790791395943	600.2898695903092	543.7471190043614	834.8248040544777	27.882018245061403	16.468399536976648	22.039881502851873	53.03996489693485	15.84606418730866	103.32148760910543	83.88711004102137	91.63306684744904	49.49137572317775	310.02331913887645	28.61281042143437
